symbol,date,underwriter
AAOI,20130926,piper jaffray
AAOI,20130926,raymond james
AAPC,20150429,citigroup
AAVL,20140731,jefferies
AAVL,20140731,piper jaffray
AAVL,20140731,cowen
ABCW,20141022,sandler o'neill
ABCW,20141022,robert w baird
ABGB,20131017,citigroup
ABGB,20131017,hsbc
ABY,20140613,bofa merrill lynch
ABY,20140613,citigroup
ACRX,20110211,piper jaffray
ADAP,20150506,bofa merrill lynch
ADAP,20150506,cowen
ADAP,20150506,leerink
ADHD,20130522,aegis
ADMS,20140410,credit suisse
ADMS,20140410,piper jaffray
ADRO,20150415,bofa merrill lynch
ADRO,20150415,leerink
AEGR,20101022,leerink
AEGR,20101022,lazard
AERI,20131025,rbc
AERI,20131025,stifel nicolaus
AFH,20130212,sandler o'neill
AFMD,20140912,jefferies
AFMD,20140912,bmo
AFMD,20140912,leerink
AGIO,20130724,goldman sachs
AGIO,20130724,jp morgan
AGRX,20140523,william blair
AGRX,20140523,rbc
AGTC,20140327,barclays
AGTC,20140327,bmo
AGTC,20140327,wedbush
AKAO,20140312,credit suisse
AKAO,20140312,cowen
AKBA,20140320,credit suisse
AKBA,20140320,morgan stanley
AKER,20140123,aegis
ALDR,20140508,credit suisse
ALDR,20140508,leerink
ALDX,20140502,aegis
ALIM,20100422,credit suisse
ALIM,20100422,citigroup
ALRM,20150626,credit suisse
ALRM,20150626,goldman sachs
ALRM,20150626,bofa merrill lynch
ALTR,20171101,rbc
ALTR,20171101,jp morgan
ALTR,20171101,deutsche bank
AMBA,20121010,morgan stanley
AMBA,20121010,deutsche bank
AMDA,20140213,jmp
AMPH,20140625,jefferies
AMPH,20140625,piper jaffray
AMPH,20140625,bmo
AMRS,20100928,goldman sachs
AMRS,20100928,morgan stanley
ANAC,20101124,citigroup
ANAC,20101124,deutsche bank
ANGI,20111117,bofa merrill lynch
ANTH,20100301,deutsche bank
AOSL,20100429,piper jaffray
AOSL,20100429,deutsche bank
APIC,20150424,credit suisse
APIC,20150424,morgan stanley
APIC,20150424,jp morgan
APPF,20150626,credit suisse
APPF,20150626,morgan stanley
AQMS,20150731,national
AQXP,20140307,jefferies
AQXP,20140307,cowen
ARCP,20110907,ladenburg thalmann
ARCP,20110907,realty
ARDX,20140619,citigroup
ARDX,20140619,leerink
ARGS,20140207,piper jaffray
ARGS,20140207,stifel nicolaus
ARGS,20140207,jmp
ASND,20150128,bofa merrill lynch
ASND,20150128,leerink
ATOS,20121108,dawson james
ATRA,20141016,goldman sachs
ATRA,20141016,citigroup
AVEO,20100312,morgan stanley
AVEO,20100312,jp morgan
AVGR,20150130,canaccord genuity
AVGR,20150130,cowen
AVNU,20150210,keefe bruyette and woods
AWAY,20110629,morgan stanley
BBRG,20101021,jefferies
BBRG,20101021,piper jaffray
BBRG,20101021,wells fargo
BCOV,20120217,morgan stanley
BCOV,20120217,stifel nicolaus
BIND,20130920,credit suisse
BIND,20130920,cowen
BIOC,20140205,aegis
BIOC,20140205,feltl
BITI,20150611,rbc
BITI,20150611,stifel nicolaus
BLCM,20141218,jefferies
BLCM,20141218,piper jaffray
BLCM,20141218,citigroup
BLMN,20120808,morgan stanley
BLMN,20120808,bofa merrill lynch
BLMN,20120808,jp morgan
BLMT,20111005,keefe bruyette and woods
BLPH,20150213,cowen
BLPH,20150213,leerink
BLUE,20130619,bofa merrill lynch
BLUE,20130619,jp morgan
BLVDU,20140213,citigroup
BNFT,20130918,goldman sachs
BNFT,20130918,jefferies
BNFT,20130918,deutsche bank
BOJA,20150508,jefferies
BOJA,20150508,bofa merrill lynch
BOJA,20150508,wells fargo
BONA,20101209,bofa merrill lynch
BONA,20101209,jp morgan
BPMC,20150430,goldman sachs
BPMC,20150430,cowen
BUFF,20150722,citigroup
BUFF,20150722,jp morgan
BVXV,20150512,aegis
BWFG,20140515,sandler o'neill
BWFG,20140515,keefe bruyette and woods
BZUN,20150521,credit suisse
BZUN,20150521,morgan stanley
BZUN,20150521,bofa merrill lynch
CAFD,20150619,goldman sachs
CAFD,20150619,citigroup
CALA,20141002,citigroup
CALA,20141002,leerink
CAPN,20141113,maxim
CARA,20140131,piper jaffray
CARA,20140131,stifel nicolaus
CARB,20110811,bofa merrill lynch
CARB,20110811,jp morgan
CATB,20150625,citigroup
CATB,20150625,cowen
CBF,20120920,credit suisse
CBF,20120920,goldman sachs
CBF,20120920,bofa merrill lynch
CBOE,20100615,goldman sachs
CBYL,20150409,leerink
CCCR,20130813,axiom capital management
CCCR,20130813,burnham
CCIH,20101001,bofa merrill lynch
CCIH,20101001,deutsche bank
CCXI,20120208,citigroup
CCXI,20120208,jp morgan
CDNA,20140717,piper jaffray
CDNA,20140717,leerink
CDRB,20150519,burnham
CDTX,20150415,jefferies
CDTX,20150415,leerink
CDW,20130627,goldman sachs
CDW,20130627,barclays
CDW,20130627,jp morgan
CDXS,20100422,credit suisse
CEMP,20120203,stifel nicolaus
CEMP,20120203,cowen
CEMP,20120203,leerink
CERE,20120222,goldman sachs
CERE,20120222,barclays
CERU,20140410,leerink
CFMS,20150701,jp morgan
CFMS,20150701,deutsche bank
CG,20120503,credit suisse
CG,20120503,citigroup
CG,20120503,jp morgan
CGIX,20130405,william blair
CGIX,20130405,robert w baird
CGIX,20130405,aegis
CGIX,20130405,feltl
CHEF,20110728,jefferies
CHEF,20110728,bmo
CHEF,20110728,wells fargo
CHMA,20150716,barclays
CHMA,20150716,cowen
CHRS,20141106,credit suisse
CHRS,20141106,jp morgan
CHUY,20120724,jefferies
CHUY,20120724,robert w baird
CLCD,20150506,piper jaffray
CLCD,20150506,stifel nicolaus
CLDN,20140130,barclays
CLDN,20140130,jp morgan
CLIR,20120425,mdb
CLLS,20150325,jefferies
CLLS,20150325,piper jaffray
CLLS,20150325,bofa merrill lynch
CLVS,20111116,credit suisse
CLVS,20111116,jp morgan
CMRX,20130411,morgan stanley
CMRX,20130411,cowen
CNAT,20130725,piper jaffray
CNAT,20130725,stifel nicolaus
CNCE,20140213,ubs
CNCE,20140213,wells fargo
CNOB,20130212,stifel nicolaus
CNV,20141120,morgan stanley
CNV,20141120,jp morgan
COLL,20150507,jefferies
COLL,20150507,piper jaffray
COMM,20131025,bofa merrill lynch
COMM,20131025,jp morgan
COMM,20131025,deutsche bank
CONE,20130118,morgan stanley
CONE,20130118,bofa merrill lynch
CORI,20140403,jefferies
CORI,20140403,leerink
COVS,20130926,credit suisse
COVS,20130926,pacific crest
CRTO,20131030,jefferies
CRTO,20131030,jp morgan
CRTO,20131030,deutsche bank
CSOD,20110317,goldman sachs
CSOD,20110317,barclays
CSTE,20120322,credit suisse
CSTE,20120322,barclays
CSTE,20120322,jp morgan
CTRL,20130802,bofa merrill lynch
CTRL,20130802,raymond james
CYAD,20150619,piper jaffray
CYAD,20150619,ubs
CYBR,20140924,barclays
CYBR,20140924,jp morgan
CYBR,20140924,deutsche bank
CZR,20120208,credit suisse
CZR,20120208,citigroup
DATE,20110511,bofa merrill lynch
DATE,20110511,citigroup
DBVT,20141022,citigroup
DBVT,20141022,leerink
DERM,20141003,citigroup
DERM,20141003,leerink
DFRG,20120727,piper jaffray
DFRG,20120727,deutsche bank
DFRG,20120727,wells fargo
DHRM,20100422,anderson and strudwick
DNAI,20150716,jefferies
DNAI,20150716,bofa merrill lynch
DNKN,20110727,morgan stanley
DNKN,20110727,barclays
DNKN,20110727,jp morgan
DPRX,20140313,oppenheimer
DRNA,20140130,jefferies
DRNA,20140130,stifel nicolaus
DRNA,20140130,leerink
DSKY,20140807,credit suisse
DSKY,20140807,jp morgan
DSKY,20140807,stifel nicolaus
DTEA,20150605,goldman sachs
DTEA,20150605,jp morgan
EAC,20120411,oppenheimer
EAC,20120411,stifel nicolaus
EAC,20120411,lazard
EARS,20140806,jefferies
EARS,20140806,leerink
EBIO,20140206,citigroup
EBIO,20140206,cowen
EBIO,20140206,leerink
ECYT,20110204,rbc
ECYT,20110204,leerink
EGLT,20140206,stifel nicolaus
EGLT,20140206,jmp
EGRX,20140212,piper jaffray
EGRX,20140212,william blair
EIGI,20131025,credit suisse
EIGI,20131025,goldman sachs
EIGI,20131025,morgan stanley
ENPH,20120330,morgan stanley
ENPH,20120330,bofa merrill lynch
ENPH,20120330,deutsche bank
ENTA,20130321,credit suisse
ENTA,20130321,jp morgan
ENVI,20120425,goldman sachs
ENVI,20120425,piper jaffray
ENVI,20120425,deutsche bank
ENVI,20120425,stifel nicolaus
EPZM,20130531,citigroup
EPZM,20130531,cowen
EPZM,20130531,leerink
ESPR,20130626,credit suisse
ESPR,20130626,citigroup
ETSY,20150416,goldman sachs
ETSY,20150416,morgan stanley
EVAR,20140425,jefferies
EVAR,20140425,barclays
EVOK,20130925,aegis
EXA,20120628,stifel nicolaus
EYEG,20150213,aegis
EYEG,20150213,chardan
EYES,20141119,mdb
FANG,20121012,credit suisse
FATE,20131001,bmo
FATE,20131001,cowen
FB,20120518,goldman sachs
FB,20120518,morgan stanley
FB,20120518,jp morgan
FBNK,20110630,keefe bruyette and woods
FEYE,20130920,goldman sachs
FEYE,20130920,morgan stanley
FEYE,20130920,barclays
FEYE,20130920,jp morgan
FGEN,20141114,goldman sachs
FGEN,20141114,citigroup
FGEN,20141114,leerink
FIBK,20100324,barclays
FIVE,20120719,goldman sachs
FIVE,20120719,jefferies
FIVE,20120719,barclays
FIVN,20140404,bofa merrill lynch
FIVN,20140404,barclays
FIVN,20140404,jp morgan
FLDM,20110210,piper jaffray
FLDM,20110210,deutsche bank
FLKS,20150129,jefferies
FLKS,20150129,piper jaffray
FLXN,20140212,bmo
FLXN,20140212,wells fargo
FMI,20130925,goldman sachs
FMI,20130925,jp morgan
FNGN,20100316,goldman sachs
FOGO,20150619,jefferies
FOGO,20150619,jp morgan
FOMX,20140918,barclays
FOMX,20140918,cowen
FOXF,20130808,piper jaffray
FOXF,20130808,william blair
FOXF,20130808,robert w baird
FPRX,20130918,jefferies
FPRX,20130918,bmo
FPRX,20130918,wells fargo
FRAN,20110722,goldman sachs
FRAN,20110722,jefferies
FRAN,20110722,jp morgan
FRPT,20141107,credit suisse
FRPT,20141107,goldman sachs
FRSH,20140502,jefferies
FRSH,20140502,wells fargo
FRSH,20140502,robert w baird
FSBW,20120710,keefe bruyette and woods
FUEL,20130920,credit suisse
FUEL,20130920,citigroup
FWM,20130417,credit suisse
FWM,20130417,jefferies
FWM,20130417,william blair
FWM,20130417,bofa merrill lynch
FWP,20141015,jefferies
FWP,20141015,rbc
FWP,20141015,leerink
GDEF,20131024,cowen
GEVO,20110209,piper jaffray
GEVO,20110209,citigroup
GEVO,20110209,ubs
GLBL,20150731,morgan stanley
GLBL,20150731,barclays
GLBL,20150731,citigroup
GLBL,20150731,jp morgan
GLMD,20140313,maxim
GLPG,20150514,credit suisse
GLPG,20150514,morgan stanley
GLPG,20150514,cowen
GLYC,20140110,jefferies
GLYC,20140110,barclays
GMAN,20100805,piper jaffray
GMAN,20100805,wells fargo
GMLP,20110408,morgan stanley
GMLP,20110408,bofa merrill lynch
GMLP,20110408,citigroup
GNBC,20140808,jefferies
GNBC,20140808,sandler o'neill
GNCA,20140205,citigroup
GNCA,20140205,cowen
GNMK,20100528,piper jaffray
GOGO,20130621,morgan stanley
GOGO,20130621,jp morgan
GOGO,20130621,ubs
GOMO,20131122,credit suisse
GOMO,20131122,jp morgan
GPIAU,20150520,citigroup
GPP,20150626,bofa merrill lynch
GPP,20150626,barclays
GPRO,20140626,barclays
GPRO,20140626,citigroup
GPRO,20140626,jp morgan
GRPN,20111104,credit suisse
GRPN,20111104,goldman sachs
GRPN,20111104,morgan stanley
GWGH,20140925,mlv
GWGH,20140925,axiom capital management
GWGH,20140925,newbridge
GWGH,20140925,newport coast
GWPH,20130501,cowen
GWPH,20130501,lazard
HABT,20141120,piper jaffray
HABT,20141120,wells fargo
HABT,20141120,robert w baird
HAWK,20130419,goldman sachs
HAWK,20130419,bofa merrill lynch
HAWK,20130419,citigroup
HAWK,20130419,deutsche bank
HCACU,20150723,cantor fitzgerald
HCACU,20150723,ubs
HDP,20141212,credit suisse
HDP,20141212,goldman sachs
HDP,20141212,rbc
HDS,20130627,credit suisse
HDS,20130627,bofa merrill lynch
HDS,20130627,barclays
HDS,20130627,jp morgan
HIIQ,20130208,credit suisse
HIIQ,20130208,citigroup
HLG,20150707,network 1
HMHC,20131114,goldman sachs
HMHC,20131114,morgan stanley
HMST,20120210,fbr
HQY,20140731,jp morgan
HQY,20140731,wells fargo
HSGX,20141203,canaccord genuity
HSGX,20141203,cowen
HSGX,20141203,needham
HTBX,20130724,aegis
HTGM,20150506,leerink
HTHT,20100326,morgan stanley
HTHT,20100326,goldman sachs (asia)
HZNP,20110728,stifel nicolaus
HZNP,20110728,jmp
HZNP,20110728,cowen
IBTX,20130403,sandler o'neill
IBTX,20130403,keefe bruyette and woods
IBTX,20130403,evercore
ICBK,20150116,robert w baird
ICBK,20150116,sterne agee and leach
ICPT,20121011,bofa merrill lynch
IMDZ,20140724,jefferies
IMDZ,20140724,leerink
IMI,20111118,morgan stanley
IMI,20111118,jp morgan
INGN,20140214,jp morgan
INNL,20140725,piper jaffray
INNL,20140725,stifel nicolaus
INOV,20150212,goldman sachs
INOV,20150212,morgan stanley
INOV,20150212,citigroup
INSY,20130502,jmp
INSY,20130502,wells fargo
IPDN,20130305,aegis
IPDN,20130305,rodman and renshaw
IPWR,20131122,northland
IPWR,20131122,mdb
IRG,20120511,credit suisse
IRG,20120511,piper jaffray
IRG,20120511,robert w baird
IRMD,20140716,roth
IRWD,20100203,credit suisse
IRWD,20100203,morgan stanley
IRWD,20100203,jp morgan
ISTR,20140701,sandler o'neill
ISTR,20140701,sterne agee and leach
ITEK,20150218,piper jaffray
ITEK,20150218,cowen
IVTY,20150615,piper jaffray
IVTY,20150615,stifel nicolaus
IVTY,20150615,leerink
JAGX,20150513,bmo
JAGX,20150513,aegis
JAGX,20150513,guggenheim
JD,20140522,bofa merrill lynch
JD,20140522,ubs
JIVE,20111213,goldman sachs
JIVE,20111213,morgan stanley
JRVR,20141212,bmo
JRVR,20141212,ubs
JRVR,20141212,keefe bruyette and woods
JRVR,20141212,fbr
JYNT,20141111,roth
JYNT,20141111,feltl
KANG,20140409,bofa merrill lynch
KANG,20140409,ubs
KBIO,20130131,leerink
KEYW,20101001,suntrust robinson humphrey
KIN,20131212,bmo
KIN,20131212,guggenheim
KITE,20140620,credit suisse
KITE,20140620,jefferies
KITE,20140620,cowen
KMDA,20130531,jefferies
KMDA,20130531,morgan stanley
KMPH,20150416,rbc
KMPH,20150416,cowen
KONE,20100514,roth
KPTI,20131106,bofa merrill lynch
KPTI,20131106,leerink
KRNT,20150402,barclays
KRNT,20150402,citigroup
KTWO,20140508,piper jaffray
KTWO,20140508,barclays
KTWO,20140508,wells fargo
KYTH,20121011,goldman sachs
KYTH,20121011,jp morgan
LAND,20130129,janney montgomery scott
LAND,20130129,jmp
LDRH,20131009,piper jaffray
LDRH,20131009,william blair
LEDS,20101208,jefferies
LEDS,20101208,bofa merrill lynch
LEDS,20101208,barclays
LENS,20150129,jefferies
LGIH,20131107,jp morgan
LGIH,20131107,deutsche bank
LGIH,20131107,jmp
LIFE,20150507,citigroup
LIFE,20150507,jp morgan
LMNS,20140227,credit suisse
LMNS,20140227,goldman sachs
LMNS,20140227,jefferies
LMRK,20141114,rbc
LMRK,20141114,raymond james
LMRK,20141114,robert w baird
LNCO,20121012,rbc
LNCO,20121012,barclays
LNCO,20121012,citigroup
LNCO,20121012,wells fargo
LNTH,20150625,credit suisse
LNTH,20150625,jefferies
LNTH,20150625,rbc
LNTH,20150625,citigroup
LNTH,20150625,wells fargo
LOB,20150723,sandler o'neill
LOCO,20140725,jefferies
LOCO,20140725,morgan stanley
LOCO,20140725,robert w baird
LOXO,20140801,stifel nicolaus
LOXO,20140801,cowen
LPLA,20101118,goldman sachs
LPLA,20101118,morgan stanley
LPLA,20101118,bofa merrill lynch
LPLA,20101118,jp morgan
MACK,20120329,jp morgan
MB,20150619,credit suisse
MB,20150619,morgan stanley
MB,20150619,ubs
MBII,20130802,jefferies
MBII,20130802,piper jaffray
MBUU,20140131,wells fargo
MBUU,20140131,raymond james
MCEP,20111215,rbc
MCEP,20111215,wells fargo
MCEP,20111215,raymond james
MCFT,20150717,wells fargo
MCFT,20150717,raymond james
MCFT,20150717,robert w baird
MCOX,20101026,credit suisse
MCOX,20101026,ubs
MCRB,20150626,goldman sachs
MCRB,20150626,bofa merrill lynch
MCUR,20140731,credit suisse
MCUR,20140731,jefferies
MDWD,20140320,credit suisse
MDWD,20140320,jefferies
MDWD,20140320,bmo
MEMP,20111209,citigroup
MEMP,20111209,wells fargo
MEMP,20111209,raymond james
MFRM,20111118,william blair
MFRM,20111118,barclays
MFRM,20111118,ubs
MGNX,20131010,bofa merrill lynch
MGNX,20131010,leerink
MIK,20140627,goldman sachs
MIK,20140627,jp morgan
MITL,20100422,bofa merrill lynch
MITL,20100422,jp morgan
MITL,20100422,ubs
MKTO,20130517,credit suisse
MKTO,20130517,goldman sachs
MMYT,20100812,morgan stanley
MOBI,20101210,citigroup
MOBL,20140612,goldman sachs
MOBL,20140612,morgan stanley
MOBL,20140612,barclays
MOBL,20140612,deutsche bank
MOKO,20140627,northland
MOKO,20140627,chardan
MOLG,20141009,credit suisse
MOLG,20141009,citigroup
MOLG,20141009,deutsche bank
MOLG,20141009,ubs
MOMO,20141211,credit suisse
MOMO,20141211,morgan stanley
MOMO,20141211,jp morgan
MOMO,20141211,china renaissance securities (hong kong)
MRD,20140613,barclays
MRD,20140613,citigroup
MRKT,20140619,credit suisse
MRKT,20140619,bofa merrill lynch
MRKT,20140619,barclays
MRKT,20140619,citigroup
MRNS,20140731,stifel nicolaus
MRNS,20140731,jmp
MTBC,20140723,aegis
MTBC,20140723,chardan
MTBC,20140723,summer street
MTGE,20110804,citigroup
MTGE,20110804,deutsche bank
MTGE,20110804,ubs
MTGE,20110804,wells fargo
MTLS,20140625,credit suisse
MTLS,20140625,piper jaffray
MTSI,20120315,jefferies
MTSI,20120315,barclays
MTSI,20120315,jp morgan
NCLH,20130118,barclays
NCLH,20130118,ubs
NCOM,20150319,keefe bruyette and woods
NDLS,20130628,morgan stanley
NDLS,20130628,bofa merrill lynch
NDLS,20130628,ubs
NDRM,20141114,jefferies
NDRM,20141114,cowen
NEOS,20150723,rbc
NEOS,20150723,bmo
NEOS,20150723,ubs
NERV,20140701,jefferies
NK,20150728,jefferies
NK,20150728,piper jaffray
NK,20150728,bofa merrill lynch
NK,20150728,citigroup
NLNK,20111111,canaccord genuity
NLNK,20111111,stifel nicolaus
NRX,20140211,aegis
NSTG,20130626,morgan stanley
NSTG,20130626,jp morgan
NTEC,20150804,maxim
NTEC,20150804,roth
NTRA,20150702,piper jaffray
NTRA,20150702,morgan stanley
NTRA,20150702,cowen
NVET,20150205,bofa merrill lynch
NVET,20150205,cowen
NVLS,20150617,stifel nicolaus
NVLS,20150617,cowen
NXPI,20100806,credit suisse
NXPI,20100806,goldman sachs
NXPI,20100806,morgan stanley
OCUL,20140725,morgan stanley
OCUL,20140725,rbc
OCUL,20140725,cowen
OLLI,20150716,jefferies
OLLI,20150716,bofa merrill lynch
OLLI,20150716,jp morgan
OMED,20130718,jefferies
OMED,20130718,leerink
ONCE,20150130,credit suisse
ONCE,20150130,jp morgan
ONTX,20130725,citigroup
ONTX,20130725,leerink
OPGN,20150505,maxim
OPHT,20130925,morgan stanley
OPHT,20130925,jp morgan
ORPN,20140731,oppenheimer
ORPN,20140731,roth
ORPN,20140731,aegis
OSN,20101221,global hunter
OSN,20101221,knight
OTIC,20140813,bofa merrill lynch
OTIC,20140813,jp morgan
OXFD,20131122,piper jaffray
OXFD,20131122,jp morgan
PACB,20101027,morgan stanley
PACB,20101027,jp morgan
PAHC,20140411,morgan stanley
PAHC,20140411,bofa merrill lynch
PAHC,20140411,barclays
PAHC,20140411,macquarie
PARN,20140618,jefferies
PARN,20140618,piper jaffray
PBPB,20131004,goldman sachs
PBPB,20131004,bofa merrill lynch
PBSK,20110913,keefe bruyette and woods
PCRX,20110203,piper jaffray
PCRX,20110203,barclays
PCTY,20140319,william blair
PCTY,20140319,bofa merrill lynch
PCTY,20140319,deutsche bank
PEGI,20130927,morgan stanley
PEGI,20130927,bmo
PEGI,20130927,rbc dominion
PETX,20130627,stifel nicolaus
PETX,20130627,lazard
PFMT,20120810,goldman sachs
PFMT,20120810,morgan stanley
PFPT,20120420,credit suisse
PFPT,20120420,deutsche bank
PFPT,20120420,pacific crest
PIH,20140401,aegis
PINC,20130926,bofa merrill lynch
PINC,20130926,jp morgan
PINC,20130926,wells fargo
PLAY,20141010,jefferies
PLAY,20141010,piper jaffray
PRAH,20141113,jefferies
PRAH,20141113,citigroup
PRAH,20141113,ubs
PRAH,20141113,kkr
PRMW,20101105,stifel nicolaus
PRQR,20140918,deutsche bank
PRQR,20140918,leerink
PRSS,20120329,jefferies
PRSS,20120329,jp morgan
PRTO,20141022,stifel nicolaus
PRTO,20141022,jmp
PTCT,20130620,credit suisse
PTCT,20130620,jp morgan
PTLA,20130522,credit suisse
PTLA,20130522,morgan stanley
PTXP,20150604,rbc
PTXP,20150604,barclays
PTXP,20150604,citigroup
PTXP,20150604,tudor pickering holt
PUB,20150611,da davidson
QIWI,20130503,credit suisse
QIWI,20130503,jp morgan
QLIK,20100716,morgan stanley
QLIK,20100716,citigroup
QLIK,20100716,jp morgan
QLYS,20120928,credit suisse
QLYS,20120928,jp morgan
QNST,20100211,credit suisse
QNST,20100211,bofa merrill lynch
QNST,20100211,jp morgan
QUNR,20131101,deutsche bank
QUNR,20131101,goldman sachs (asia)
QURE,20140205,jefferies
QURE,20140205,leerink
RARE,20140131,morgan stanley
RARE,20140131,jp morgan
RCPT,20130509,credit suisse
RCPT,20130509,bmo
RCPT,20130509,leerink
RDUS,20140606,jefferies
RDUS,20140606,cowen
REGI,20120119,piper jaffray
REGI,20120119,ubs
REPH,20140307,aegis
RESN,20140529,mdb
RGLS,20121004,bmo
RGLS,20121004,cowen
RGLS,20121004,lazard
RKDA,20150515,credit suisse
RKDA,20150515,piper jaffray
RKDA,20150515,jp morgan
RLOC,20100420,bofa merrill lynch
RLOC,20100420,jp morgan
RLYP,20131115,morgan stanley
RLYP,20131115,bofa merrill lynch
RNET,20101215,jefferies
RNET,20101215,deutsche bank
ROKA,20140717,bofa merrill lynch
ROKA,20140717,leerink
RP,20100812,credit suisse
RP,20100812,deutsche bank
RPD,20150717,morgan stanley
RPD,20150717,barclays
RPXC,20110504,goldman sachs
RPXC,20110504,barclays
RTRX,20140110,jefferies
RTTR,20150624,aegis
RTTR,20150624,chardan
RVNC,20140206,piper jaffray
RVNC,20140206,cowen
RWLK,20140912,jefferies
RWLK,20140912,barclays
SABR,20140417,goldman sachs
SABR,20140417,morgan stanley
SABR,20140417,bofa merrill lynch
SABR,20140417,deutsche bank
SAGE,20140718,goldman sachs
SAGE,20140718,jp morgan
SALE,20130719,credit suisse
SALE,20130719,goldman sachs
SALE,20130719,morgan stanley
SAMG,20130627,sandler o'neill
SAMG,20130627,raymond james
SAVE,20110526,morgan stanley
SAVE,20110526,citigroup
SCAI,20131030,citigroup
SCAI,20131030,jp morgan
SCTY,20121213,credit suisse
SCTY,20121213,goldman sachs
SCTY,20121213,bofa merrill lynch
SCYX,20140502,rbc
SCYX,20140502,canaccord genuity
SEDG,20150326,goldman sachs
SEDG,20150326,deutsche bank
SEMI,20140522,goldman sachs
SEMI,20140522,deutsche bank
SEMI,20140522,wells fargo
SFBS,20140514,sandler o'neill
SFM,20130801,credit suisse
SFM,20130801,goldman sachs
SFXE,20131009,jefferies
SFXE,20131009,barclays
SFXE,20131009,deutsche bank
SFXE,20131009,ubs
SGNL,20140618,aegis
SGNT,20110420,jefferies
SGNT,20110420,morgan stanley
SGNT,20110420,bofa merrill lynch
SIEN,20141029,piper jaffray
SIEN,20141029,stifel nicolaus
SKIS,20141121,stifel nicolaus
SKIS,20141121,robert w baird
SKIS,20141121,fbr
SKUL,20110720,morgan stanley
SKUL,20110720,bofa merrill lynch
SKYS,20141113,roth
SKYS,20141113,cowen
SKYS,20141113,fbr
SMMT,20150305,oppenheimer
SMMT,20150305,jmp
SMT,20100715,morgan stanley
SMT,20100715,deutsche bank
SMT,20100715,rbc dominion
SODA,20101103,jp morgan
SODA,20101103,deutsche bank
SPHS,20130816,citigroup
SPHS,20130816,leerink
SPKE,20140729,stifel nicolaus
SPKE,20140729,robert w baird
SPLK,20120419,credit suisse
SPLK,20120419,morgan stanley
SPLK,20120419,bofa merrill lynch
SPLK,20120419,jp morgan
SPRO,20171102,bofa merrill lynch
SPRO,20171102,stifel nicolaus
SPRO,20171102,cowen
SPSC,20100422,thomas weisel
SPWH,20140417,credit suisse
SPWH,20140417,goldman sachs
SQBK,20140327,sandler o'neill
SQBK,20140327,keefe bruyette and woods
SQI,20100924,stifel nicolaus
SREV,20110325,morgan stanley
SREV,20110325,deutsche bank
SSNC,20100331,jp morgan
STCK,20130809,goldman sachs
STDY,20150320,rbc
STDY,20150320,wells fargo
STML,20130129,rbc
STML,20130129,oppenheimer
STML,20130129,jmp
STML,20130129,aegis
SUPN,20120501,piper jaffray
SUPN,20120501,citigroup
SYNC,20120210,bofa merrill lynch
SYNC,20120210,citigroup
SYNC,20120210,stifel nicolaus
SYRX,20140410,dougherty
SYRX,20140410,wellington shields
SZYM,20110527,goldman sachs
SZYM,20110527,morgan stanley
TANH,20150324,viewtrade
TANH,20150324,newbridge
TBK,20141107,sandler o'neill
TBK,20141107,wells fargo
TBK,20141107,evercore
TCON,20150130,stifel nicolaus
TCON,20150130,wells fargo
TEDU,20140403,credit suisse
TEDU,20140403,goldman sachs (asia)
TERP,20140718,goldman sachs
TERP,20140718,barclays
TERP,20140718,citigroup
TFM,20101105,goldman sachs
TFM,20101105,bofa merrill lynch
TFM,20101105,jp morgan
TGEN,20140520,scarsdale equities
THST,20130620,wr
THST,20130620,feltl
THST,20130620,sidoti
THST,20130620,csca
TKAI,20140917,william blair
TKAI,20140917,stifel nicolaus
TKAI,20140917,bmo
TLMR,20140212,jp morgan
TLMR,20140212,keefe bruyette and woods
TNAV,20100513,jp morgan
TNAV,20100513,deutsche bank
TNDM,20131114,piper jaffray
TNDM,20131114,bofa merrill lynch
TNGO,20110717,deutsche bank
TNGO,20110717,stifel nicolaus
TOUR,20140509,credit suisse
TOUR,20140509,morgan stanley
TOUR,20140509,china renaissance securities (hong kong)
TRIV,20140416,credit suisse
TRIV,20140416,jp morgan
TRNX,20110203,bofa merrill lynch
TRNX,20110203,jp morgan
TRUE,20140516,goldman sachs
TRUE,20140516,rbc
TRUE,20140516,jp morgan
TRVN,20140131,jefferies
TRVN,20140131,barclays
TSC,20130509,keefe bruyette and woods
TSC,20130509,robert w baird
TSC,20130509,stephens
TSLA,20100629,goldman sachs
TSLA,20100629,morgan stanley
TSLA,20100629,jp morgan
TSLA,20100629,deutsche bank
TSRO,20120628,morgan stanley
TSRO,20120628,citigroup
TSRO,20120628,leerink
TTOO,20140807,goldman sachs
TTOO,20140807,morgan stanley
TTPH,20130320,barclays
TTPH,20130320,bmo
TUBE,20140718,bofa merrill lynch
TUBE,20140718,rbc
TUBE,20140718,citigroup
TWOU,20140328,credit suisse
TWOU,20140328,goldman sachs
UBIC,20130516,william blair
UBIC,20130516,maxim
UBIC,20130516,robert w baird
UBIC,20130516,the benchmark
UBNT,20111014,deutsche bank
UBNT,20111014,ubs
UBNT,20111014,raymond james
UPLD,20141106,william blair
UPLD,20141106,raymond james
VA,20141114,barclays
VA,20141114,deutsche bank
VBLT,20141001,deutsche bank
VBTX,20141009,sandler o'neill
VBTX,20141009,stephens
VCYT,20131030,morgan stanley
VCYT,20131030,leerink
VGGL,20140425,roth
VGGL,20140425,ladenburg thalmann
VIRT,20150416,goldman sachs
VIRT,20150416,jp morgan
VIRT,20150416,sandler o'neill
VKTX,20150429,oppenheimer
VKTX,20150429,roth
VKTX,20150429,laidlaw
VNET,20110421,morgan stanley
VNET,20110421,barclays
VNET,20110421,jp morgan
VNOM,20140618,credit suisse
VNOM,20140618,barclays
VNOM,20140618,wells fargo
VRA,20101021,piper jaffray
VRA,20101021,robert w baird
VRNS,20140228,jefferies
VRNS,20140228,morgan stanley
VRNS,20140228,rbc
VRNS,20140228,barclays
VSAR,20140321,morgan stanley
VSAR,20140321,citigroup
VSTM,20120127,ubs
VSTM,20120127,leerink
VTAE,20140924,stifel nicolaus
VTAE,20140924,bmo
VTL,20140417,credit suisse
VTL,20140417,william blair
VTL,20140417,bofa merrill lynch
VTVT,20150730,piper jaffray
VTVT,20150730,stifel nicolaus
VWR,20141002,goldman sachs
VWR,20141002,bofa merrill lynch
VWR,20141002,jp morgan
WATT,20140328,mdb
WB,20140414,credit suisse
WB,20140414,goldman sachs
WB,20140414,goldman sachs (asia)
WHLR,20121119,wellington shields
WHLR,20121119,anderson and strudwick
WHLR,20121119,capitol securities management
WIFI,20110504,credit suisse
WIFI,20110504,deutsche bank
WING,20150612,jefferies
WING,20150612,morgan stanley
WING,20150612,robert w baird
WIX,20131106,bofa merrill lynch
WIX,20131106,rbc
WIX,20131106,jp morgan
WOWO,20150408,axiom capital management
WSTC,20130322,goldman sachs
WSTC,20130322,morgan stanley
XBIT,20150415,wr
XELB,20150731,wunderlich
XENE,20141105,jefferies
XENE,20141105,wells fargo
XENT,20140724,piper jaffray
XENT,20140724,jp morgan
XGTI,20130719,aegis
XGTI,20130719,feltl
XLRN,20130919,citigroup
XLRN,20130919,leerink
XNCR,20131203,credit suisse
XNCR,20131203,leerink
XNET,20140624,citigroup
XNET,20140624,jp morgan
XONE,20130207,fbr
XOOM,20130215,barclays
XOOM,20130215,needham
YDLE,20141003,credit suisse
YDLE,20141003,goldman sachs
YDLE,20141003,bofa merrill lynch
YECO,20150626,northland
YECO,20150626,axiom capital management
YECO,20150626,cuttone
YECO,20150626,viewtrade
YNDX,20110524,goldman sachs
YNDX,20110524,morgan stanley
YNDX,20110524,deutsche bank
YY,20121121,morgan stanley
YY,20121121,citigroup
YY,20121121,deutsche bank
Z,20110720,citigroup
ZFGN,20140619,cowen
ZFGN,20140619,leerink
ZGNX,20101123,wells fargo
ZGNX,20101123,leerink
ZLTQ,20111019,goldman sachs
ZLTQ,20111019,jp morgan
ZNGA,20111216,goldman sachs
ZNGA,20111216,morgan stanley
ZSAN,20150127,roth
ZSAN,20150127,wedbush
ZSAN,20150127,ladenburg thalmann
ZSPH,20140618,credit suisse
ZSPH,20140618,jp morgan
ZU,20131115,goldman sachs
ZU,20131115,bofa merrill lynch
ZU,20131115,citigroup
AAC,20141002,william blair
AAC,20141002,wells fargo
AAC,20141002,raymond james
AAT,20110113,morgan stanley
AAT,20110113,bofa merrill lynch
AAT,20110113,wells fargo
ACRE,20120426,bofa merrill lynch
ACRE,20120426,citigroup
ACRE,20120426,jp morgan
ACRE,20120426,wells fargo
ADPT,20140625,goldman sachs
ADPT,20140625,deutsche bank
AGRO,20110128,credit suisse
AGRO,20110128,morgan stanley
AGRO,20110128,itau
AHH,20130508,stifel nicolaus
AHH,20130508,raymond james
AHH,20130508,robert w baird
AJX,20150213,nomura securities international
AJX,20150213,sterne agee and leach
AJX,20150213,fbr
AL,20110419,credit suisse
AL,20110419,jp morgan
ALLY,20140410,goldman sachs
ALLY,20140410,morgan stanley
ALLY,20140410,barclays
ALLY,20140410,citigroup
ALLY,20140410,jp morgan
ALSN,20120315,bofa merrill lynch
ALSN,20120315,citigroup
ALSN,20120315,jp morgan
AM,20141105,barclays
AM,20141105,citigroup
AM,20141105,wells fargo
AMBR,20140321,stifel nicolaus
AMC,20131218,bofa merrill lynch
AMC,20131218,citigroup
AMH,20130801,goldman sachs
AMH,20130801,bofa merrill lynch
AMH,20130801,jp morgan
AMH,20130801,wells fargo
AMH,20130801,fbr
AMID,20110727,bofa merrill lynch
AMID,20110727,citigroup
AMRC,20100722,bofa merrill lynch
AMTG,20110722,credit suisse
AMTG,20110722,morgan stanley
AMTG,20110722,jp morgan
ANET,20140606,morgan stanley
ANET,20140606,citigroup
ANFI,20121010,deutsche bank
ANFI,20121010,ubs
APAM,20130307,goldman sachs
APAM,20130307,citigroup
APO,20110330,goldman sachs
APO,20110330,bofa merrill lynch
APO,20110330,jp morgan
APTS,20110401,wunderlich
AR,20131010,barclays
AR,20131010,citigroup
AR,20131010,jp morgan
ARCO,20110414,morgan stanley
ARCO,20110414,bofa merrill lynch
ARCO,20110414,citigroup
ARCO,20110414,jp morgan
ARCO,20110414,itau
ARCX,20131106,barclays
ARCX,20131106,citigroup
ARES,20140502,bofa merrill lynch
ARES,20140502,jp morgan
ARMK,20131212,credit suisse
ARMK,20131212,goldman sachs
ARMK,20131212,morgan stanley
ARMK,20131212,jp morgan
ARPI,20130509,jefferies
ARPI,20130509,morgan stanley
ARPI,20130509,bofa merrill lynch
ARPI,20130509,fbr
ASC,20130801,jefferies
ASC,20130801,morgan stanley
ASC,20130801,clarkson
ASPN,20140613,barclays
ASPN,20140613,citigroup
ASPN,20140613,jp morgan
ATEN,20140321,morgan stanley
ATEN,20140321,bofa merrill lynch
ATEN,20140321,jp morgan
ATHM,20131211,deutsche bank
ATHM,20131211,goldman sachs (asia)
ATTO,20141002,credit suisse
ATTO,20141002,morgan stanley
ATTO,20141002,itau
ATTO,20141002,banco ita bba
AVAL,20140923,goldman sachs
AVAL,20140923,jp morgan
AVG,20120202,goldman sachs
AVG,20120202,morgan stanley
AVG,20120202,jp morgan
AVH,20131106,citigroup
AVH,20131106,jp morgan
AVOL,20141212,morgan stanley
AVOL,20141212,citigroup
AVOL,20141212,jp morgan
AXON,20150611,jefferies
AXON,20150611,rbc
AXON,20150611,evercore
AXTA,20141112,goldman sachs
AXTA,20141112,citigroup
AXTA,20141112,jp morgan
AXTA,20141112,deutsche bank
BABA,20140919,credit suisse
BABA,20140919,goldman sachs
BABA,20140919,morgan stanley
BABA,20140919,citigroup
BABA,20140919,jp morgan
BABA,20140919,deutsche bank
BABA,20140919,goldman sachs (asia)
BAH,20101117,morgan stanley
BAH,20101117,barclays
BALT,20100310,morgan stanley
BALT,20100310,dahlman rose
BCC,20130206,goldman sachs
BCC,20130206,bofa merrill lynch
BCEI,20111215,credit suisse
BCEI,20111215,morgan stanley
BCRH,20131106,barclays
BCRH,20131106,deutsche bank
BCRH,20131106,ubs
BCRH,20131106,keefe bruyette and woods
BEP,20130611,barclays
BEP,20130611,deutsche bank
BERY,20121004,bofa merrill lynch
BERY,20121004,barclays
BERY,20121004,citigroup
BERY,20121004,deutsche bank
BERY,20121004,robert w baird
BERY,20121004,apollo global
BFAM,20130125,goldman sachs
BFAM,20130125,barclays
BFAM,20130125,jp morgan
BITA,20101117,citigroup
BITA,20101117,ubs
BKFS,20150520,bofa merrill lynch
BKFS,20150520,jp morgan
BKFS,20150520,wells fargo
BKU,20110128,morgan stanley
BKU,20110128,bofa merrill lynch
BLOX,20120420,goldman sachs
BLOX,20120420,morgan stanley
BNK,20140814,keefe bruyette and woods
BNK,20140814,raymond james
BOOT,20141030,jefferies
BOOT,20141030,piper jaffray
BOOT,20141030,jp morgan
BORN,20100611,piper jaffray
BOX,20150123,credit suisse
BOX,20150123,morgan stanley
BOX,20150123,jp morgan
BRSS,20130523,goldman sachs
BRSS,20130523,morgan stanley
BRX,20131030,bofa merrill lynch
BRX,20131030,citigroup
BRX,20131030,jp morgan
BRX,20131030,wells fargo
BSM,20150501,bofa merrill lynch
BSM,20150501,barclays
BSM,20150501,citigroup
BSMX,20120926,bofa merrill lynch
BSMX,20120926,deutsche bank
BSMX,20120926,ubs
BSMX,20120926,santander
BURL,20131002,morgan stanley
BURL,20131002,bofa merrill lynch
BURL,20131002,jp morgan
BURL,20131002,wells fargo
CALX,20100324,goldman sachs
CALX,20100324,morgan stanley
CBPX,20140205,credit suisse
CBPX,20140205,citigroup
CCG,20101014,goldman sachs
CCG,20101014,rbc
CCG,20101014,barclays
CCG,20101014,citigroup
CCG,20101014,raymond james
CCS,20140618,jp morgan
CCS,20140618,deutsche bank
CCS,20140618,fbr
CCSC,20100928,credit suisse
CCSC,20100928,bofa merrill lynch
CELP,20140115,stifel nicolaus
CELP,20140115,bmo
CELP,20140115,raymond james
CELP,20140115,robert w baird
CFG,20140924,goldman sachs
CFG,20140924,morgan stanley
CHCT,20150521,suntrust robinson humphrey
CHCT,20150521,sandler o'neill
CHCT,20150521,evercore
CHGG,20131113,bofa merrill lynch
CHGG,20131113,jp morgan
CHKR,20111111,morgan stanley
CHKR,20111111,raymond james
CHMI,20131004,morgan stanley
CHMI,20131004,barclays
CHMI,20131004,citigroup
CHMI,20131004,ubs
CHSP,20100122,jp morgan
CHSP,20100122,deutsche bank
CIO,20140415,oppenheimer
CIO,20140415,janney montgomery scott
CIO,20140415,wunderlich
CIVI,20140917,jefferies
CIVI,20140917,bofa merrill lynch
CIVI,20140917,barclays
CIVI,20140917,ubs
CJES,20110729,goldman sachs
CJES,20110729,citigroup
CJES,20110729,jp morgan
CLDT,20100416,barclays
CLDT,20100416,fbr
CMCM,20140508,credit suisse
CMCM,20140508,morgan stanley
CMCM,20140508,jp morgan
CMRE,20101104,morgan stanley
CMRE,20101104,bofa merrill lynch
CNCO,20120622,jp morgan
CNCO,20120622,ubs
CNNX,20140925,bofa merrill lynch
CNNX,20140925,citigroup
CNNX,20140925,jp morgan
CNNX,20140925,wells fargo
CNNX,20140925,robert w baird
CNXC,20150701,bofa merrill lynch
CNXC,20150701,wells fargo
COR,20100923,bofa merrill lynch
COR,20100923,rbc
COR,20100923,citigroup
COTY,20130613,morgan stanley
COTY,20130613,bofa merrill lynch
COTY,20130613,jp morgan
COTY,20130613,merrill lynch pierce fenner and smith
COUP,20140307,goldman sachs
COUP,20140307,bofa merrill lynch
COUP,20140307,rbc
COUP,20140307,allen
CPAC,20120208,jp morgan
CPPL,20150206,bofa merrill lynch
CPPL,20150206,barclays
CPPL,20150206,citigroup
CRCM,20140124,morgan stanley
CRCM,20140124,bofa merrill lynch
CRCM,20140124,jp morgan
CSLT,20140314,goldman sachs
CSLT,20140314,morgan stanley
CSTM,20130523,goldman sachs
CSTM,20130523,jp morgan
CSTM,20130523,deutsche bank
CSTM,20130523,bnp paribas
CTLT,20140731,morgan stanley
CTLT,20140731,jp morgan
CTT,20131212,stifel nicolaus
CTT,20131212,raymond james
CTT,20131212,robert w baird
CVRR,20130117,credit suisse
CVRR,20130117,citigroup
CVT,20130809,goldman sachs
CVT,20130809,morgan stanley
CYNI,20130509,goldman sachs
CYNI,20130509,jp morgan
DANG,20101208,credit suisse
DANG,20101208,morgan stanley
DATA,20130517,goldman sachs
DATA,20130517,morgan stanley
DEA,20150206,rbc
DEA,20150206,citigroup
DEA,20150206,raymond james
DKL,20121102,bofa merrill lynch
DKL,20121102,barclays
DLNG,20131113,credit suisse
DLPH,20111117,goldman sachs
DLPH,20111117,jp morgan
DM,20141015,barclays
DM,20141015,citigroup
DM,20141015,jp morgan
DMD,20110126,goldman sachs
DMD,20110126,morgan stanley
DOC,20130719,oppenheimer
DOC,20130719,janney montgomery scott
DOC,20130719,jmp
DOC,20130719,wunderlich
DOC,20130719,bbandt
DPLO,20141010,credit suisse
DPLO,20141010,morgan stanley
DQ,20101007,morgan stanley
DRII,20130719,credit suisse
DWRE,20120315,goldman sachs
DWRE,20120315,deutsche bank
EARN,20130501,credit suisse
EARN,20130501,deutsche bank
ECOM,20130523,goldman sachs
ECOM,20130523,stifel nicolaus
ECR,20140620,goldman sachs
ECR,20140620,morgan stanley
ECR,20140620,citigroup
ECT,20100701,citigroup
ECT,20100701,raymond james
EFC,20101008,deutsche bank
EHIC,20141118,jp morgan
EHIC,20141118,deutsche bank
EHIC,20141118,goldman sachs (asia)
ELLI,20110415,barclays
EMES,20130509,bofa merrill lynch
EMES,20130509,citigroup
EMES,20130509,jp morgan
EMES,20130509,wells fargo
ENBL,20140411,goldman sachs
ENBL,20140411,morgan stanley
ENBL,20140411,barclays
ENV,20100729,morgan stanley
ENV,20100729,barclays
ENV,20100729,ubs
EPAM,20120208,barclays
EPAM,20120208,citigroup
EPAM,20120208,ubs
EPAM,20120208,renaissance
EPAM,20120208,renaissance securities (cyprus)
EPE,20140117,credit suisse
EPE,20140117,jp morgan
EQGP,20150512,goldman sachs
EQGP,20150512,barclays
EQM,20120627,barclays
EQM,20120627,citigroup
EROS,20131113,jefferies
EROS,20131113,morgan stanley
EROS,20131113,bofa merrill lynch
EROS,20131113,deutsche bank
EROS,20131113,ubs
ESNT,20131031,goldman sachs
ESNT,20131031,barclays
ESNT,20131031,jp morgan
ESRT,20131002,goldman sachs
ESRT,20131002,bofa merrill lynch
EURN,20150123,morgan stanley
EURN,20150123,citigroup
EURN,20150123,jp morgan
EURN,20150123,deutsche bank
EVA,20150429,goldman sachs
EVA,20150429,rbc
EVA,20150429,barclays
EVA,20150429,citigroup
EVDY,20140328,credit suisse
EVDY,20140328,citigroup
EVDY,20140328,jp morgan
EVER,20120503,goldman sachs
EVGN,20131121,credit suisse
EVGN,20131121,deutsche bank
EVH,20150605,goldman sachs
EVH,20150605,jp morgan
EVHC,20130814,goldman sachs
EVHC,20130814,bofa merrill lynch
EVHC,20130814,barclays
EVHC,20130814,citigroup
EVTC,20130412,goldman sachs
EVTC,20130412,jp morgan
EXAM,20101028,credit suisse
EXAM,20101028,goldman sachs
EXAM,20101028,barclays
EXL,20100423,morgan stanley
EXL,20100423,barclays
EXL,20100423,ubs
EXPR,20100513,goldman sachs
EXPR,20100513,bofa merrill lynch
FCB,20140801,bofa merrill lynch
FCB,20140801,jp morgan
FCB,20140801,deutsche bank
FELP,20140618,morgan stanley
FELP,20140618,barclays
FELP,20140618,citigroup
FENG,20110512,morgan stanley
FENG,20110512,deutsche bank
FENG,20110512,macquarie
FET,20120412,jp morgan
FGL,20131213,credit suisse
FGL,20131213,jefferies
FGL,20131213,jp morgan
FI,20130809,credit suisse
FI,20130809,barclays
FI,20130809,simmons
FIT,20150618,morgan stanley
FIT,20150618,bofa merrill lynch
FIT,20150618,deutsche bank
FLT,20101215,goldman sachs
FLT,20101215,jp morgan
FLTX,20121005,bofa merrill lynch
FLTX,20121005,barclays
FMSA,20141003,morgan stanley
FMSA,20141003,barclays
FMSA,20141003,wells fargo
FN,20100625,morgan stanley
FN,20100625,deutsche bank
FSB,20150326,bofa merrill lynch
FSL,20110526,citigroup
FSL,20110526,deutsche bank
FTAI,20150515,bofa merrill lynch
FTAI,20150515,barclays
FTAI,20150515,citigroup
FTAI,20150515,deutsche bank
FXCM,20101202,credit suisse
FXCM,20101202,citigroup
FXCM,20101202,jp morgan
GCAP,20101215,morgan stanley
GCAP,20101215,deutsche bank
GDDY,20150401,morgan stanley
GDDY,20150401,citigroup
GDDY,20150401,jp morgan
GDOT,20100722,morgan stanley
GDOT,20100722,jp morgan
GI,20150605,bofa merrill lynch
GI,20150605,jp morgan
GIMO,20130612,credit suisse
GIMO,20130612,goldman sachs
GIMO,20130612,bofa merrill lynch
GKOS,20150625,goldman sachs
GKOS,20150625,bofa merrill lynch
GKOS,20150625,jp morgan
GLOB,20140718,credit suisse
GLOB,20140718,citigroup
GLOB,20140718,jp morgan
GLOG,20120330,goldman sachs
GLOG,20120330,citigroup
GLOP,20140507,credit suisse
GLOP,20140507,citigroup
GLOP,20140507,wells fargo
GM,20101118,morgan stanley
GM,20101118,bofa merrill lynch
GM,20101118,citigroup
GM,20101118,jp morgan
GMED,20120803,goldman sachs
GMED,20120803,piper jaffray
GMED,20120803,bofa merrill lynch
GNC,20110401,goldman sachs
GNC,20110401,jp morgan
GNRC,20100211,goldman sachs
GNRC,20100211,jp morgan
GNRT,20150625,jefferies
GNRT,20150625,citigroup
GNRT,20150625,ubs
GNRT,20150625,evercore
GPRK,20140207,jp morgan
GPRK,20140207,itau
GPRK,20140207,banco btg pactual sa cayman branch
GPRK,20140207,banco btg pactual
GRAM,20130724,credit suisse
GRAM,20130724,morgan stanley
GRAM,20130724,jp morgan
GRAM,20130724,banco btg pactual sa cayman branch
GRUB,20140404,morgan stanley
GRUB,20140404,citigroup
GWB,20141015,bofa merrill lynch
GWB,20141015,deutsche bank
GWRE,20120125,citigroup
GWRE,20120125,jp morgan
GWRE,20120125,deutsche bank
GZT,20111214,citigroup
GZT,20111214,deutsche bank
HASI,20130418,bofa merrill lynch
HASI,20130418,ubs
HASI,20130418,wells fargo
HCA,20110310,bofa merrill lynch
HCA,20110310,citigroup
HCA,20110310,jp morgan
HCC,20170413,credit suisse
HCC,20170413,morgan stanley
HCC,20170413,citigroup
HCLP,20120816,morgan stanley
HCLP,20120816,barclays
HIFR,20150130,bofa merrill lynch
HIFR,20150130,citigroup
HIVE,20140328,goldman sachs
HIVE,20140328,bofa merrill lynch
HLT,20131212,goldman sachs
HLT,20131212,morgan stanley
HLT,20131212,bofa merrill lynch
HLT,20131212,deutsche bank
HMLP,20140807,morgan stanley
HMLP,20140807,bofa merrill lynch
HMLP,20140807,citigroup
HPP,20100624,morgan stanley
HPP,20100624,bofa merrill lynch
HPP,20100624,barclays
HRTG,20140523,citigroup
HRTG,20140523,sandler o'neill
HUBS,20141009,morgan stanley
HUBS,20141009,jp morgan
HUBS,20141009,ubs
I,20130418,goldman sachs
I,20130418,morgan stanley
I,20130418,bofa merrill lynch
I,20130418,jp morgan
IBP,20140213,deutsche bank
IBP,20140213,ubs
ICD,20140808,morgan stanley
ICD,20140808,rbc
ICD,20140808,barclays
ICD,20140808,tudor pickering holt
ICL,20140924,morgan stanley
ICL,20140924,barclays
IFT,20110208,fbr
IL,20100806,credit suisse
IL,20100806,morgan stanley
IL,20100806,deutsche bank
IMPR,20140625,piper jaffray
IMPR,20140625,jp morgan
IMPV,20111109,jp morgan
IMPV,20111109,deutsche bank
IMS,20140404,goldman sachs
IMS,20140404,morgan stanley
IMS,20140404,jp morgan
INN,20110209,rbc
INN,20110209,deutsche bank
INN,20110209,robert w baird
INVN,20111116,goldman sachs
INVN,20111116,morgan stanley
INXN,20110128,bofa merrill lynch
INXN,20110128,barclays
INXN,20110128,citigroup
IPHI,20101111,jefferies
IPHI,20101111,morgan stanley
IPHI,20101111,deutsche bank
JCAP,20150327,raymond james
JCAP,20150327,robert w baird
JCAP,20150327,wunderlich
JGW,20131108,credit suisse
JGW,20131108,barclays
JKS,20100514,credit suisse
JMEI,20140516,credit suisse
JMEI,20140516,jp morgan
JMEI,20140516,goldman sachs (asia)
JMI,20121003,credit suisse
JMI,20121003,barclays
JMI,20121003,citigroup
JMI,20121003,deutsche bank
JONE,20130724,barclays
JONE,20130724,jp morgan
JONE,20130724,wells fargo
JP,20150716,credit suisse
JP,20150716,china renaissance securities (hong kong)
JPEP,20141002,bofa merrill lynch
JPEP,20141002,barclays
JPEP,20141002,deutsche bank
KING,20140326,credit suisse
KING,20140326,bofa merrill lynch
KING,20140326,jp morgan
KMI,20110211,goldman sachs
KMI,20110211,barclays
KNOP,20130410,bofa merrill lynch
KNOP,20130410,barclays
KNOP,20130410,citigroup
KORS,20111215,goldman sachs
KORS,20111215,morgan stanley
KORS,20111215,jp morgan
KOS,20110511,credit suisse
KOS,20110511,barclays
KOS,20110511,citigroup
LADR,20140206,bofa merrill lynch
LADR,20140206,citigroup
LADR,20140206,jp morgan
LADR,20140206,deutsche bank
LADR,20140206,wells fargo
LC,20141211,goldman sachs
LC,20141211,morgan stanley
LEAF,20131016,credit suisse
LEAF,20131016,bofa merrill lynch
LEAF,20131016,barclays
LEAF,20131016,citigroup
LEAF,20131016,allen
LEJU,20140417,credit suisse
LEJU,20140417,jp morgan
LEJU,20140417,macquarie
LITB,20130606,credit suisse
LITB,20130606,stifel nicolaus
LNKD,20110519,morgan stanley
LNKD,20110519,bofa merrill lynch
LNKD,20110519,jp morgan
LOCK,20121003,goldman sachs
LOCK,20121003,bofa merrill lynch
LOCK,20121003,deutsche bank
LPG,20140508,jp morgan
LPG,20140508,ubs
LPI,20111215,jp morgan
LQ,20140409,morgan stanley
LQ,20140409,jp morgan
LRE,20111111,wells fargo
LXFR,20121003,credit suisse
LXFR,20121003,jefferies
LXFT,20130626,credit suisse
LXFT,20130626,jp morgan
LXFT,20130626,ubs
MANU,20120810,credit suisse
MANU,20120810,jefferies
MANU,20120810,jp morgan
MBLY,20140801,goldman sachs
MBLY,20140801,morgan stanley
MC,20140416,goldman sachs
MC,20140416,morgan stanley
MCRN,20150625,bofa merrill lynch
MCRN,20150625,barclays
MCRN,20150625,jp morgan
MDLY,20140924,credit suisse
MDLY,20140924,goldman sachs
MEP,20131107,bofa merrill lynch
MEP,20131107,barclays
MEP,20131107,citigroup
MITT,20110630,rbc
MITT,20110630,deutsche bank
MITT,20110630,stifel nicolaus
MIXT,20130809,william blair
MIXT,20130809,raymond james
MM,20120329,goldman sachs
MM,20120329,morgan stanley
MM,20120329,barclays
MMI,20131031,goldman sachs
MMI,20131031,citigroup
MN,20111118,bofa merrill lynch
MODN,20130320,jp morgan
MODN,20130320,deutsche bank
MPG,20141212,goldman sachs
MPG,20141212,bofa merrill lynch
MPG,20141212,deutsche bank
MPLX,20121026,morgan stanley
MPLX,20121026,bofa merrill lynch
MPLX,20121026,ubs
MPO,20120420,goldman sachs
MPO,20120420,morgan stanley
MPO,20120420,wells fargo
MRC,20120412,goldman sachs
MRC,20120412,barclays
MRIN,20130322,goldman sachs
MRIN,20130322,deutsche bank
MTDR,20120202,rbc
MTDR,20120202,citigroup
MUSA,20100409,goldman sachs
MX,20110311,goldman sachs
MX,20110311,barclays
MX,20110311,deutsche bank
MXL,20100324,morgan stanley
MXL,20100324,deutsche bank
MXPT,20150306,goldman sachs
MXPT,20150306,deutsche bank
MXPT,20150306,pacific crest
MYCC,20130920,goldman sachs
MYCC,20130920,jefferies
MYCC,20130920,citigroup
NADL,20140129,goldman sachs
NADL,20140129,morgan stanley
NADL,20140129,barclays
NAO,20140612,credit suisse
NAO,20140612,morgan stanley
NAO,20140612,jp morgan
NAO,20140612,dnb
NAO,20140612,pareto
NAP,20141113,credit suisse
NAP,20141113,bofa merrill lynch
NAP,20141113,citigroup
NAP,20141113,jp morgan
NBHC,20120920,goldman sachs
NBHC,20120920,keefe bruyette and woods
NDRO,20111103,goldman sachs
NDRO,20111103,rbc
NDRO,20111103,barclays
NDRO,20111103,citigroup
NDRO,20111103,wells fargo
NEFF,20141121,jefferies
NEFF,20141121,piper jaffray
NEFF,20141121,morgan stanley
NEP,20140627,goldman sachs
NEP,20140627,morgan stanley
NEP,20140627,bofa merrill lynch
NEWR,20141212,morgan stanley
NEWR,20141212,jp morgan
NGL,20110512,rbc
NGL,20110512,wells fargo
NGVC,20120725,piper jaffray
NGVC,20120725,suntrust robinson humphrey
NKA,20100512,goldman sachs
NKA,20100512,morgan stanley
NLSN,20110126,morgan stanley
NLSN,20110126,jp morgan
NMBL,20131213,goldman sachs
NMBL,20131213,morgan stanley
NOAH,20101110,bofa merrill lynch
NOAH,20101110,jp morgan
NOR,20100514,bofa merrill lynch
NORD,20140326,credit suisse
NORD,20140326,goldman sachs
NORD,20140326,jp morgan
NOW,20120629,morgan stanley
NOW,20120629,citigroup
NOW,20120629,deutsche bank
NPTN,20110202,bofa merrill lynch
NPTN,20110202,deutsche bank
NSA,20150423,jefferies
NSA,20150423,morgan stanley
NSA,20150423,wells fargo
NSLP,20130208,stifel nicolaus
NSLP,20130208,robert w baird
NSM,20120308,credit suisse
NSM,20120308,bofa merrill lynch
NSM,20120308,citigroup
NSM,20120308,wells fargo
NTI,20120726,goldman sachs
NTI,20120726,bofa merrill lynch
NTI,20120726,barclays
NVGS,20131121,jefferies
NVGS,20131121,morgan stanley
NVRO,20141106,morgan stanley
NVRO,20141106,jp morgan
NVTA,20150212,jp morgan
NWHM,20140131,credit suisse
NWHM,20140131,citigroup
NWHM,20140131,jp morgan
NYLD,20130717,goldman sachs
NYLD,20130717,bofa merrill lynch
NYLD,20130717,citigroup
OAK,20120412,goldman sachs
OAK,20120412,morgan stanley
OAKS,20130322,credit suisse
OAKS,20130322,barclays
OAKS,20130322,ubs
OAKS,20130322,keefe bruyette and woods
OAS,20100617,morgan stanley
OAS,20100617,ubs
OCIP,20131004,bofa merrill lynch
OCIP,20131004,barclays
OCIP,20131004,citigroup
OCIR,20130913,goldman sachs
OCIR,20130913,citigroup
OEC,20140725,goldman sachs
OEC,20140725,morgan stanley
OMAM,20141009,credit suisse
OMAM,20141009,morgan stanley
OMAM,20141009,bofa merrill lynch
OMAM,20141009,citigroup
ONDK,20141217,jefferies
ONDK,20141217,morgan stanley
ONDK,20141217,bofa merrill lynch
ONDK,20141217,jp morgan
ONDK,20141217,deutsche bank
ONE,20100617,goldman sachs
OOMA,20150717,credit suisse
OOMA,20150717,bofa merrill lynch
OPWR,20140404,goldman sachs
OPWR,20140404,morgan stanley
ORC,20130214,oppenheimer
ORC,20130214,ladenburg thalmann
P,20110615,morgan stanley
P,20110615,citigroup
P,20110615,jp morgan
PACD,20111111,morgan stanley
PACD,20111111,deutsche bank
PAGP,20131016,goldman sachs
PAGP,20131016,barclays
PAGP,20131016,jp morgan
PANW,20120720,goldman sachs
PANW,20120720,morgan stanley
PANW,20120720,citigroup
PAYC,20140415,barclays
PAYC,20140415,jp morgan
PBF,20121213,morgan stanley
PBF,20121213,citigroup
PBFX,20140509,barclays
PBFX,20140509,ubs
PDM,20100210,morgan stanley
PDM,20100210,jp morgan
PE,20140523,credit suisse
PE,20140523,goldman sachs
PF,20130328,bofa merrill lynch
PF,20130328,barclays
PFSI,20130509,credit suisse
PFSI,20130509,goldman sachs
PFSI,20130509,bofa merrill lynch
PFSI,20130509,citigroup
PGEM,20130523,credit suisse
PGEM,20130523,goldman sachs
PGEM,20130523,jp morgan
PGND,20150521,goldman sachs
PGND,20150521,william blair
PGND,20150521,barclays
PGRE,20141119,morgan stanley
PGRE,20141119,bofa merrill lynch
PGRE,20141119,wells fargo
PLOW,20100505,credit suisse
PLOW,20100505,oppenheimer
PN,20150116,suntrust robinson humphrey
PN,20150116,bmo
PN,20150116,ubs
PRI,20100401,citigroup
PRLB,20120224,jefferies
PRLB,20120224,piper jaffray
PRTY,20150416,goldman sachs
PRTY,20150416,bofa merrill lynch
PSXP,20130723,morgan stanley
PSXP,20130723,jp morgan
Q,20130509,morgan stanley
Q,20130509,barclays
Q,20130509,jp morgan
QEPM,20130809,morgan stanley
QEPM,20130809,wells fargo
QIHU,20110330,citigroup
QIHU,20110330,ubs
QTS,20131009,goldman sachs
QTS,20131009,jefferies
QTWO,20140320,jp morgan
QTWO,20140320,stifel nicolaus
RATE,20110617,goldman sachs
RATE,20110617,bofa merrill lynch
RCAP,20130605,jmp
RCAP,20130605,ladenburg thalmann
RCAP,20130605,realty
RENN,20110504,morgan stanley
RENN,20110504,bofa merrill lynch
RENN,20110504,deutsche bank
REXR,20130719,bofa merrill lynch
REXR,20130719,jp morgan
REXR,20130719,wells fargo
REXR,20130719,fbr
RH,20121102,goldman sachs
RH,20121102,bofa merrill lynch
RICE,20140124,goldman sachs
RICE,20140124,barclays
RICE,20140124,citigroup
RIGP,20140731,morgan stanley
RIGP,20140731,barclays
RKUS,20121116,goldman sachs
RKUS,20121116,morgan stanley
RLD,20100716,piper jaffray
RLD,20100716,jp morgan
RLGY,20121011,goldman sachs
RLGY,20121011,barclays
RLGY,20121011,jp morgan
RLJ,20110511,bofa merrill lynch
RLJ,20110511,barclays
RLJ,20110511,wells fargo
RM,20120328,jefferies
RM,20120328,stephens
RMAX,20131002,morgan stanley
RMAX,20131002,bofa merrill lynch
RMAX,20131002,jp morgan
RMP,20141217,barclays
RMP,20141217,citigroup
RMP,20141217,wells fargo
RNDY,20120208,credit suisse
RNDY,20120208,jefferies
RNDY,20120208,jp morgan
RNDY,20120208,robert w baird
RNF,20111104,morgan stanley
RNG,20130927,goldman sachs
RNG,20130927,bofa merrill lynch
RNG,20130927,jp morgan
ROYT,20120503,bofa merrill lynch
ROYT,20120503,barclays
ROYT,20120503,citigroup
ROYT,20120503,jp morgan
ROYT,20120503,ubs
ROYT,20120503,wells fargo
RPAI,20120405,keybanc
RPAI,20120405,citigroup
RPAI,20120405,jp morgan
RPAI,20120405,deutsche bank
RRMS,20111209,barclays
RRMS,20111209,citigroup
RRMS,20111209,deutsche bank
RRTS,20100513,stifel nicolaus
RRTS,20100513,robert w baird
RRTS,20100513,bbandt
RSPP,20140117,barclays
RSPP,20140117,jp morgan
RUBI,20140402,goldman sachs
RUBI,20140402,morgan stanley
RUBI,20140402,rbc
RXN,20120329,credit suisse
RXN,20120329,goldman sachs
RXN,20120329,bofa merrill lynch
RXN,20120329,deutsche bank
RYI,20140808,bofa merrill lynch
RYI,20140808,jp morgan
RYI,20140808,deutsche bank
RYI,20140808,bmo
SALT,20131212,deutsche bank
SBY,20121214,credit suisse
SBY,20121214,bofa merrill lynch
SBY,20121214,jp morgan
SC,20140123,citigroup
SC,20140123,jp morgan
SDLP,20121019,morgan stanley
SDLP,20121019,citigroup
SDLP,20121019,wells fargo
SDR,20120418,morgan stanley
SDR,20120418,bofa merrill lynch
SDR,20120418,raymond james
SE,20171020,credit suisse
SE,20171020,morgan stanley
SE,20171020,goldman sachs (asia)
SEAS,20130419,goldman sachs
SEAS,20130419,jp morgan
SERV,20140626,credit suisse
SERV,20140626,goldman sachs
SERV,20140626,morgan stanley
SERV,20140626,jp morgan
SFS,20140924,credit suisse
SFS,20140924,morgan stanley
SFS,20140924,deutsche bank
SFUN,20100917,deutsche bank
SFUN,20100917,goldman sachs (asia)
SGM,20131010,credit suisse
SGM,20131010,bofa merrill lynch
SGM,20131010,barclays
SGM,20131010,fbr
SHAK,20150130,morgan stanley
SHAK,20150130,jp morgan
SHLX,20141029,barclays
SHLX,20141029,citigroup
SHOP,20150521,credit suisse
SHOP,20150521,morgan stanley
SHOP,20150521,rbc
SIR,20120307,morgan stanley
SIR,20120307,bofa merrill lynch
SIR,20120307,wells fargo
SLCA,20120201,jefferies
SLCA,20120201,morgan stanley
SLCA,20120201,bofa merrill lynch
SMLP,20120928,bofa merrill lynch
SMLP,20120928,barclays
SN,20111214,macquarie
SN,20111214,johnson rice
SNOW,20140131,credit suisse
SNOW,20140131,goldman sachs
SNOW,20140131,bofa merrill lynch
SNOW,20140131,deutsche bank
SQNS,20110415,jefferies
SQNS,20110415,ubs
SRC,20120920,morgan stanley
SRLP,20131025,bofa merrill lynch
SRLP,20131025,barclays
SRLP,20131025,jp morgan
SSNI,20130313,credit suisse
SSNI,20130313,goldman sachs
SSNI,20130313,morgan stanley
SSTK,20121011,jefferies
SSTK,20121011,morgan stanley
SSTK,20121011,deutsche bank
ST,20100311,goldman sachs
ST,20100311,morgan stanley
ST,20100311,barclays
STAY,20131113,goldman sachs
STAY,20131113,jp morgan
STAY,20131113,deutsche bank
STOR,20141118,credit suisse
STOR,20141118,goldman sachs
STOR,20141118,morgan stanley
SUM,20150312,goldman sachs
SUM,20150312,citigroup
SWFT,20101216,morgan stanley
SWFT,20101216,bofa merrill lynch
SWFT,20101216,wells fargo
SXC,20110721,credit suisse
SXC,20110721,goldman sachs
SXC,20110721,bofa merrill lynch
SXCP,20130118,bofa merrill lynch
SXCP,20130118,barclays
SXCP,20130118,citigroup
SXE,20121102,citigroup
SXE,20121102,wells fargo
SYA,20100122,goldman sachs
SYA,20100122,bofa merrill lynch
SYA,20100122,barclays
SYA,20100122,jp morgan
SYF,20140731,goldman sachs
SYF,20140731,morgan stanley
SYF,20140731,citigroup
SYF,20140731,jp morgan
TAOM,20110609,credit suisse
TAOM,20110609,deutsche bank
TCPI,20140626,piper jaffray
TCPI,20140626,deutsche bank
TCS,20131101,credit suisse
TCS,20131101,barclays
TCS,20131101,jp morgan
TDOC,20150701,jp morgan
TDOC,20150701,deutsche bank
TEGP,20150507,goldman sachs
TEGP,20150507,citigroup
TEP,20130514,bofa merrill lynch
TEP,20130514,barclays
TEP,20130514,citigroup
TEP,20130514,deutsche bank
TEU,20110414,morgan stanley
TEU,20110414,ubs
THR,20110505,jefferies
THR,20110505,barclays
TLLP,20110420,credit suisse
TLLP,20110420,bofa merrill lynch
TLLP,20110420,citigroup
TLLP,20110420,wells fargo
TLYS,20120504,goldman sachs
TLYS,20120504,piper jaffray
TLYS,20120504,bofa merrill lynch
TMHC,20130410,credit suisse
TMHC,20130410,citigroup
TNET,20140327,morgan stanley
TNET,20140327,jp morgan
TNET,20140327,deutsche bank
TOWR,20101015,goldman sachs
TOWR,20101015,citigroup
TOWR,20101015,jp morgan
TPH,20130131,citigroup
TPH,20130131,deutsche bank
TPH,20130131,fbr
TPRE,20130815,credit suisse
TPRE,20130815,morgan stanley
TPRE,20130815,jp morgan
TRGP,20101207,morgan stanley
TRGP,20101207,bofa merrill lynch
TRGP,20101207,barclays
TRMR,20130627,credit suisse
TRMR,20130627,jefferies
TRNO,20100210,goldman sachs
TRU,20150625,goldman sachs
TRU,20150625,bofa merrill lynch
TRU,20150625,jp morgan
TRU,20150625,deutsche bank
TRUP,20140718,rbc
TRUP,20140718,barclays
TRUP,20140718,stifel nicolaus
TSE,20140612,goldman sachs
TSE,20140612,morgan stanley
TSE,20140612,citigroup
TSE,20140612,deutsche bank
TSQ,20140724,jefferies
TSQ,20140724,bofa merrill lynch
TSQ,20140724,rbc
TUMI,20120419,credit suisse
TUMI,20120419,goldman sachs
TUMI,20120419,jp morgan
TVPT,20140925,credit suisse
TVPT,20140925,morgan stanley
TVPT,20140925,deutsche bank
TVPT,20140925,ubs
TWTR,20131107,goldman sachs
TWTR,20131107,morgan stanley
TWTR,20131107,jp morgan
TXTR,20130607,credit suisse
TXTR,20130607,william blair
UAN,20110408,goldman sachs
UAN,20110408,morgan stanley
UAN,20110408,barclays
UCP,20130718,citigroup
UCP,20130718,deutsche bank
UCP,20130718,zelman
UNVR,20150618,goldman sachs
UNVR,20150618,bofa merrill lynch
UNVR,20150618,deutsche bank
USAC,20130115,goldman sachs
USAC,20130115,barclays
USAC,20130115,jp morgan
USAC,20130115,wells fargo
USDP,20141009,credit suisse
USDP,20141009,bofa merrill lynch
USDP,20141009,barclays
USDP,20141009,citigroup
VCRA,20120328,piper jaffray
VCRA,20120328,jp morgan
VEEV,20131016,morgan stanley
VEEV,20131016,deutsche bank
VIPS,20120323,deutsche bank
VIPS,20120323,goldman sachs (asia)
VJET,20131018,piper jaffray
VJET,20131018,citigroup
VLP,20131211,barclays
VLP,20131211,jp morgan
VLRS,20130918,morgan stanley
VLRS,20130918,deutsche bank
VLRS,20130918,ubs
VLRS,20130918,santander
VMEM,20130927,bofa merrill lynch
VMEM,20130927,jp morgan
VMEM,20130927,deutsche bank
VNCE,20131122,goldman sachs
VNCE,20131122,robert w baird
VOC,20110505,morgan stanley
VOC,20110505,raymond james
VOYA,20130502,goldman sachs
VOYA,20130502,morgan stanley
VOYA,20130502,citigroup
VSLR,20141001,credit suisse
VSLR,20141001,goldman sachs
VSLR,20141001,bofa merrill lynch
VTTI,20140801,citigroup
VTTI,20140801,jp morgan
W,20141002,goldman sachs
W,20141002,bofa merrill lynch
W,20141002,citigroup
WAGE,20120510,credit suisse
WAGE,20120510,william blair
WAGE,20120510,stifel nicolaus
WAIR,20110728,morgan stanley
WAIR,20110728,barclays
WBAI,20131122,deutsche bank
WCIC,20130725,credit suisse
WCIC,20130725,citigroup
WCIC,20130725,jp morgan
WD,20101215,credit suisse
WD,20101215,morgan stanley
WD,20101215,keefe bruyette and woods
WDAY,20121012,goldman sachs
WDAY,20121012,morgan stanley
WGP,20121207,barclays
WGP,20121207,citigroup
WHZ,20120323,morgan stanley
WHZ,20120323,raymond james
WK,20141212,credit suisse
WK,20141212,morgan stanley
WLH,20130516,credit suisse
WLH,20130516,citigroup
WLKP,20140730,barclays
WLKP,20140730,ubs
WMC,20120510,jefferies
WMC,20120510,citigroup
WMC,20120510,jp morgan
WMC,20120510,deutsche bank
WMS,20140725,barclays
WMS,20140725,deutsche bank
WNRL,20131010,bofa merrill lynch
WNRL,20131010,barclays
WPT,20130809,bofa merrill lynch
WSR,20100826,wunderlich
WSR,20100826,ladenburg thalmann
WUBA,20131031,credit suisse
WUBA,20131031,morgan stanley
WUBA,20131031,citigroup
WWAV,20121026,credit suisse
WWAV,20121026,bofa merrill lynch
WWAV,20121026,jp morgan
XON,20130808,barclays
XON,20130808,jp morgan
XRS,20101020,credit suisse
XRS,20101020,morgan stanley
XTLY,20150626,jp morgan
XTLY,20150626,deutsche bank
XUE,20101102,goldman sachs (asia)
YELP,20120302,goldman sachs
YELP,20120302,citigroup
YOKU,20101208,goldman sachs (asia)
ZA,20110215,cowen
ZAYO,20141017,goldman sachs
ZAYO,20141017,morgan stanley
ZAYO,20141017,barclays
ZEN,20140515,credit suisse
ZEN,20140515,goldman sachs
ZEN,20140515,morgan stanley
ZFC,20130208,credit suisse
ZFC,20130208,barclays
ZFC,20130208,citigroup
ZFC,20130208,deutsche bank
ZOES,20140411,jefferies
ZOES,20140411,piper jaffray
ZOES,20140411,william blair
ZOES,20140411,robert w baird
ZPIN,20140612,credit suisse
ZPIN,20140612,ubs
ZTS,20130201,morgan stanley
ZTS,20130201,bofa merrill lynch
ZTS,20130201,jp morgan
ZX,20110512,morgan stanley
ARWAU,20150501,earlybird
AUMAU,20141002,citigroup
BHACU,20150206,earlybird
CADTU,20141001,aegis
CADTU,20141001,earlybird
CAMBU,20131218,earlybird
CNLMU,20141212,earlybird
GGACU,20140626,earlybird
HDRAU,20141024,ubs
HRMNU,20150324,cantor fitzgerald
QPACU,20150116,deutsche bank
QPACU,20150116,cantor fitzgerald
ROIQU,20130917,deutsche bank
SMACU,20140827,cantor fitzgerald
TFSCU,20140716,earlybird
TRTLU,20140717,deutsche bank
WLRHU,20140606,bofa merrill lynch
WLRHU,20140606,deutsche bank
FCAU,20141212,goldman sachs
FCAU,20141212,barclays
FCAU,20141212,jp morgan
FCAU,20141212,ubs
STNG,20100331,morgan stanley
STNG,20100331,dahlman rose
RUN,20150805,credit suisse
RUN,20150805,goldman sachs
RUN,20150805,morgan stanley
ZYNE,20150805,jefferies
ZYNE,20150805,piper jaffray
XCOM,20151112,bmo
XCOM,20151112,cowen
XCOM,20151112,needham
MRUS,20160519,jefferies
MRUS,20160519,citigroup
MRUS,20160519,guggenheim
AXSM,20151119,ladenburg thalmann
HLI,20150813,goldman sachs
HLI,20150813,bofa merrill lynch
ATKR,20160610,credit suisse
ATKR,20160610,jp morgan
ATKR,20160610,deutsche bank
SRTSU,20160603,northland
SRTSU,20160603,feltl
SRTSU,20160603,joseph gunnar
SRTSU,20160603,neidiger tucker bruner
KTOV,20151120,rodman and renshaw
KTOV,20151120,joseph gunnar
AGLE,20160407,bmo
AGLE,20160407,ubs
AGLE,20160407,wells fargo
AGLE,20160407,cowen
NVCR,20151002,jp morgan
NVCR,20151002,deutsche bank
NVCR,20151002,evercore
CFCOU,20160520,credit suisse
CFCOU,20160520,bofa merrill lynch
CFCOU,20160520,citigroup
ARA,20160421,goldman sachs
ARA,20160421,bofa merrill lynch
ARA,20160421,barclays
PFNX,20140724,william blair
PFNX,20140724,jmp
RACE,20151021,bofa merrill lynch
RACE,20151021,ubs
MTCH,20151119,bofa merrill lynch
MTCH,20151119,jp morgan
MTCH,20151119,allen
SENS,20160318,canaccord genuity
SENS,20160318,leerink
GBT,20150812,goldman sachs
GBT,20150812,morgan stanley
SRAQU,20160224,goldman sachs
SRAQU,20160224,citigroup
SRAQU,20160224,deutsche bank
KURA,20151105,citigroup
KURA,20151105,leerink
CRVS,20160323,credit suisse
CRVS,20160323,cowen
SBPH,20160506,william blair
SBPH,20160506,wedbush
SBPH,20160506,dawson james
DLTH,20151120,william blair
DLTH,20151120,bmo
DLTH,20151120,raymond james
DLTH,20151120,robert w baird
PAACU,20151015,earlybird
CTF,20121026,bofa merrill lynch
CTF,20121026,nuveen
ELMD,20100813,feltl
PTI,20160211,rbc
PTI,20160211,leerink
RGNX,20150917,piper jaffray
RGNX,20150917,morgan stanley
RGNX,20150917,bofa merrill lynch
BRG,20140328,wunderlich
PSTG,20151007,goldman sachs
PSTG,20151007,morgan stanley
PSTG,20151007,barclays
PSTG,20151007,allen
SGRY,20151001,goldman sachs
SGRY,20151001,jefferies
SGRY,20151001,bofa merrill lynch
PAVMU,20160428,crt
PAVMU,20160428,the benchmark
PAVMU,20160428,tripoint global equities
EDGE,20151001,credit suisse
EDGE,20151001,leerink
TPB,20160511,cowen
TPB,20160511,fbr
CNFR,20150813,bmo
CNFR,20150813,raymond james
FORK,20151104,network 1
FORK,20151104,burnham
MIME,20151119,goldman sachs
MIME,20151119,jefferies
MIME,20151119,rbc
MIME,20151119,barclays
PLNT,20150806,credit suisse
PLNT,20150806,jefferies
PLNT,20150806,bofa merrill lynch
PLNT,20150806,jp morgan
FDC,20151015,morgan stanley
FDC,20151015,bofa merrill lynch
FDC,20151015,citigroup
FDC,20151015,kkr
EQBK,20151111,keefe bruyette and woods
EQBK,20151111,stephens
VYGR,20151111,piper jaffray
VYGR,20151111,cowen
MIRN,20151001,citigroup
MIRN,20151001,leerink
IOTS,20151027,oppenheimer
IOTS,20151027,needham
GWRS,20160428,roth
PMTS,20151009,goldman sachs
PMTS,20151009,bmo
PMTS,20151009,cibc world
MSBI,20160524,sandler o'neill
MSBI,20160524,keefe bruyette and woods
EAGLU,20150911,bofa merrill lynch
EAGLU,20150911,deutsche bank
PEN,20150918,bofa merrill lynch
PEN,20150918,jp morgan
COE,20160610,credit suisse
COE,20160610,morgan stanley
INST,20151113,goldman sachs
INST,20151113,morgan stanley
IRT,20130813,william blair
IRT,20130813,jmp
IRT,20130813,ladenburg thalmann
IRT,20130813,compass point
MESO,20151113,credit suisse
MESO,20151113,jp morgan
ACRS,20151007,jefferies
ACRS,20151007,citigroup
EDIT,20160203,morgan stanley
EDIT,20160203,jp morgan
SUPV,20160519,morgan stanley
SUPV,20160519,bofa merrill lynch
WVE,20151111,jefferies
WVE,20151111,leerink
NH,20160602,jefferies
NH,20160602,cowen
RRR,20160427,goldman sachs
RRR,20160427,bofa merrill lynch
RRR,20160427,jp morgan
RRR,20160427,deutsche bank
GMS,20160526,credit suisse
GMS,20160526,barclays
BNTC,20150818,maxim
BNTC,20150818,bmo
CLACU,20151014,citigroup
CLACU,20151014,deutsche bank
RETA,20160526,piper jaffray
RETA,20160526,citigroup
RETA,20160526,cowen
HCM,20160317,bofa merrill lynch
HCM,20160317,deutsche bank
ABTX,20151008,robert w baird
ABTX,20151008,stephens
BGNE,20160203,goldman sachs
BGNE,20160203,morgan stanley
BGNE,20160203,cowen
SDPI,20140523,roth
YIN,20160427,jefferies
CLSD,20160602,rbc
CLSD,20160602,stifel nicolaus
CLSD,20160602,cowen
SQ,20151119,goldman sachs
SQ,20151119,morgan stanley
SQ,20151119,jp morgan
FNTCU,20150213,cantor fitzgerald
PFGC,20151001,credit suisse
PFGC,20151001,barclays
MGP,20160420,morgan stanley
MGP,20160420,bofa merrill lynch
MGP,20160420,jp morgan
MGP,20160420,evercore
AIMT,20150806,credit suisse
AIMT,20150806,piper jaffray
AIMT,20150806,bofa merrill lynch
AFCO,20151020,rbc
AFCO,20151020,citigroup
AFCO,20151020,deutsche bank
AFCO,20151020,raymond james
AFCO,20151020,fbr
MBRX,20160602,network 1
MBRX,20160602,bonwick
MDGN,20110408,maxim
MDGN,20110408,roth
USFD,20160526,goldman sachs
USFD,20160526,morgan stanley
USFD,20160526,jp morgan
USFD,20160526,kkr
NBRV,20150918,rbc
NBRV,20150918,leerink
TEAM,20151210,goldman sachs
TEAM,20151210,morgan stanley
SCWX,20160422,goldman sachs
SCWX,20160422,morgan stanley
SCWX,20160422,bofa merrill lynch
SCWX,20160422,jp morgan
CRMD,20100325,maxim
COTV,20160526,goldman sachs
COTV,20160526,jp morgan
NTLA,20160506,credit suisse
NTLA,20160506,jefferies
NTLA,20160506,leerink
CTMX,20151008,jefferies
CTMX,20151008,bofa merrill lynch
CTMX,20151008,cowen
CQH,20131213,credit suisse
CQH,20131213,goldman sachs
CQH,20131213,morgan stanley
CQH,20131213,rbc
OASM,20151023,aegis
OASM,20151023,ladenburg thalmann
OASM,20151023,rodman and renshaw
OASM,20151023,joseph gunnar
SITE,20160512,goldman sachs
SITE,20160512,deutsche bank
SITE,20160512,ubs
GRSHU,20150814,deutsche bank
UFAB,20150701,roth
UFAB,20150701,taglich brothers
KLREU,20160311,earlybird
PACEU,20150911,citigroup
PACEU,20150911,deutsche bank
ACIA,20160513,goldman sachs
ACIA,20160513,bofa merrill lynch
ACIA,20160513,deutsche bank
ECACU,20150813,cantor fitzgerald
MYOK,20151029,credit suisse
MYOK,20151029,cowen
SNDX,20160303,morgan stanley
SNDX,20160303,citigroup
VIVE,20160614,ladenburg thalmann
VIVE,20160614,craig hallum
SBBP,20151016,bofa merrill lynch
SBBP,20151016,stifel nicolaus
AVXS,20160211,goldman sachs
AVXS,20160211,jefferies
FPI,20140411,janney montgomery scott
FPI,20140411,bmo
FPI,20140411,robert w baird
DMTX,20151022,goldman sachs
DMTX,20151022,citigroup
CCRC,20151221,viewtrade
CCRC,20151221,newbridge
MPSX,20151022,bofa merrill lynch
MPSX,20151022,barclays
PLSE,20160518,feltl
PLSE,20160518,mdb
YRD,20151218,credit suisse
YRD,20151218,morgan stanley
YRD,20151218,china renaissance securities (hong kong)
LCAHU,20160526,jefferies
LCAHU,20160526,deutsche bank
ONSIU,20160513,jefferies
ONSIU,20160513,barclays
ACIU,20160923,credit suisse
ACIU,20160923,jefferies
ACIU,20160923,leerink
AIRG,20160812,northland
AIRG,20160812,wunderlich
AMMA,20161006,network 1
APOP,20160729,rodman and renshaw
APTI,20160923,goldman sachs
APTI,20160923,bofa merrill lynch
APTI,20160923,jp morgan
ATMR,20160805,national
AZRX,20161011,network 1
AZRX,20161011,wallachbeth
BOLD,20160720,piper jaffray
BOLD,20160720,bofa merrill lynch
BOLD,20160720,cowen
CPAAU,20160715,goldman sachs
CPAAU,20160715,deutsche bank
CSTR,20160922,sandler o'neill
CSTR,20160922,keefe bruyette and woods
EVBG,20160916,credit suisse
EVBG,20160916,bofa merrill lynch
FHB,20160804,goldman sachs
FHB,20160804,bofa merrill lynch
FHB,20160804,bnp paribas
FLGT,20160929,credit suisse
FLGT,20160929,piper jaffray
GEMP,20160805,jefferies
GEMP,20160805,rbc
GEMP,20160805,cowen
GSUM,20160923,citigroup
GSUM,20160923,goldman sachs (asia)
KNSL,20160728,william blair
KNSL,20160728,jp morgan
LTEA,20160729,network 1
LTEA,20160729,alexander
MACQU,20160914,maxim
MACQU,20160914,chardan
MEDP,20160811,credit suisse
MEDP,20160811,jefferies
MIIIU,20160707,cantor fitzgerald
MRAM,20161007,stifel nicolaus
MRAM,20161007,needham
NOVN,20160921,piper jaffray
NTNX,20160930,goldman sachs
NTNX,20160930,morgan stanley
NTNX,20160930,jp morgan
OBLN,20161006,canaccord genuity
OBLN,20161006,stifel nicolaus
OBLN,20161006,ubs
PI,20160721,piper jaffray
PI,20160721,rbc
PI,20160721,pacific crest
PTGX,20160811,barclays
PTGX,20160811,bmo
PTGX,20160811,leerink
SCACU,20160916,goldman sachs
SCACU,20160916,deutsche bank
SELB,20160622,stifel nicolaus
SELB,20160622,ubs
STLRU,20160819,maxim
STLRU,20160819,chardan
SYRS,20160630,piper jaffray
SYRS,20160630,cowen
TCMD,20160728,piper jaffray
TCMD,20160728,william blair
TCMD,20160728,canaccord genuity
TLND,20160729,goldman sachs
TLND,20160729,barclays
TLND,20160729,citigroup
TLND,20160729,jp morgan
TPIC,20160722,morgan stanley
TPIC,20160722,jp morgan
TRHC,20160929,ubs
TRHC,20160929,wells fargo
TTD,20160921,jefferies
TTD,20160921,rbc
TTD,20160921,citigroup
TUSK,20161014,credit suisse
TUSK,20161014,barclays
TUSK,20161014,simmons and company international (energy specialists of piper
TYHT,20160928,network 1
TYHT,20160928,bonwick
TYHT,20160928,halcyon cabot
XOG,20161012,credit suisse
XOG,20161012,goldman sachs
XOG,20161012,barclays
XOG,20161012,citigroup
ADSW,20161006,credit suisse
ADSW,20161006,barclays
ADSW,20161006,deutsche bank
APFH,20160715,credit suisse
APFH,20160715,morgan stanley
APFH,20160715,barclays
AZRE,20161012,credit suisse
AZRE,20161012,barclays
CWH,20161007,goldman sachs
CWH,20161007,jp morgan
ELF,20160922,morgan stanley
ELF,20160922,jp morgan
FBK,20160916,jp morgan
FBK,20160916,ubs
FBK,20160916,keefe bruyette and woods
GMRE,20160629,oppenheimer
GMRE,20160629,wunderlich
HOME,20160804,goldman sachs
HOME,20160804,bofa merrill lynch
KDMN,20160727,jefferies
KDMN,20160727,citigroup
LN,20160714,morgan stanley
LN,20160714,nomura securities international
MRT,20160929,keybanc
MRT,20160929,citigroup
MRT,20160929,jp morgan
MRT,20160929,fbr
NBLX,20160915,barclays
NBLX,20160915,jp morgan
NBLX,20160915,robert w baird
NTB,20160916,goldman sachs
PTHN,20160721,jefferies
PTHN,20160721,morgan stanley
PTHN,20160721,jp morgan
PTHN,20160721,ubs
TWLO,20160623,goldman sachs
TWLO,20160623,jp morgan
VVV,20160923,morgan stanley
VVV,20160923,bofa merrill lynch
VVV,20160923,citigroup
WAAS,20161006,rbc
WAAS,20161006,citigroup
WAAS,20161006,deutsche bank
ZTO,20161027,morgan stanley
ZTO,20161027,goldman sachs (asia)
BL,20161028,goldman sachs
BL,20161028,jp morgan
CRSP,20161019,piper jaffray
CRSP,20161019,barclays
CRSP,20161019,citigroup
FRTA,20161020,credit suisse
FRTA,20161020,goldman sachs
FRTA,20161020,citigroup
GDS,20161102,credit suisse
GDS,20161102,jp morgan
GTYHU,20161027,citigroup
IRTC,20161020,morgan stanley
IRTC,20161020,jp morgan
QTNA,20161028,morgan stanley
QTNA,20161028,barclays
QTNA,20161028,deutsche bank
RARX,20161026,credit suisse
RARX,20161026,jefferies
RARX,20161026,bmo
SND,20161104,credit suisse
SND,20161104,goldman sachs
SND,20161104,tudor pickering holt
GOLF,20161028,morgan stanley
GOLF,20161028,jp morgan
MYOV,20161027,barclays
MYOV,20161027,citigroup
MYOV,20161027,cowen
MYOV,20161027,evercore
MTFB,20161118,suntrust robinson humphrey
MTFB,20161118,hc wainwright
MTFB,20161118,ladenburg thalmann
IIPR,20161201,ladenburg thalmann
IIPR,20161201,compass point
ATH,20161209,goldman sachs
ATH,20161209,barclays
ATH,20161209,citigroup
ATH,20161209,wells fargo
HUNTU,20161118,morgan stanley
WRD,20161214,bofa merrill lynch
WRD,20161214,barclays
WRD,20161214,bmo
ICHR,20161209,deutsche bank
ICHR,20161209,stifel nicolaus
POLA,20161207,roth
POLA,20161207,joseph gunnar
SNES,20161208,roth
TIG,20161215,bofa merrill lynch
TIG,20161215,canaccord genuity
TIG,20161215,cowen
TIG,20161215,nomura securities international
TIG,20161215,kbc
TRVG,20161216,goldman sachs
TRVG,20161216,morgan stanley
TRVG,20161216,jp morgan
HEBT,20161227,spartan
GSHTU,20170113,deutsche bank
JAG,20170127,credit suisse
JAG,20170127,citigroup
JAG,20170127,jp morgan
FNTEU,20170120,cantor fitzgerald
FRAC,20170120,morgan stanley
FRAC,20170120,bofa merrill lynch
FRAC,20170120,citigroup
FRAC,20170120,jp morgan
ANAB,20170126,credit suisse
ANAB,20170126,stifel nicolaus
ANAB,20170126,bmo
JNCE,20170127,jp morgan
JNCE,20170127,cowen
LAUR,20170201,credit suisse
LAUR,20170201,morgan stanley
LAUR,20170201,barclays
OBSV,20170126,credit suisse
OBSV,20170126,jefferies
OBSV,20170126,leerink
JELD,20170127,barclays
JELD,20170127,citigroup
REVG,20170127,goldman sachs
REVG,20170127,morgan stanley
REVG,20170127,robert w baird
METC,20170203,credit suisse
METC,20170203,jefferies
METC,20170203,bmo
INVH,20170201,jp morgan
INVH,20170201,deutsche bank
KRP,20170203,rbc
KRP,20170203,stifel nicolaus
KRP,20170203,raymond james
CLPR,20170210,raymond james
CLPR,20170210,fbr
FBM,20170210,rbc
FBM,20170210,barclays
FBM,20170210,deutsche bank
SNAP,20170302,goldman sachs
SNAP,20170302,morgan stanley
SNAP,20170302,jp morgan
SNAP,20170302,deutsche bank
HLNE,20170301,morgan stanley
HLNE,20170301,jp morgan
ARD,20170315,goldman sachs
ARD,20170315,citigroup
ARD,20170315,deutsche bank
VLRX,20170323,cowen
VLRX,20170323,wedbush
TRTX,20170720,goldman sachs
TRTX,20170720,bofa merrill lynch
TRTX,20170720,citigroup
TRTX,20170720,wells fargo
ADOM,20170615,boustead
AKCA,20170714,stifel nicolaus
AKCA,20170714,wells fargo
AKCA,20170714,cowen
ALRN,20170629,jefferies
ALRN,20170629,bofa merrill lynch
APPN,20170525,goldman sachs
APPN,20170525,morgan stanley
APPN,20170525,barclays
ARGX,20170518,piper jaffray
ARGX,20170518,cowen
ASV,20170512,roth
ATACU,20170809,chardan
ATNX,20170614,credit suisse
ATNX,20170614,jp morgan
ATNX,20170614,deutsche bank
ATXI,20170627,oppenheimer
ATXI,20170627,raymond james
BCACU,20170620,earlybird
BOMN,20170616,cowen
BYSI,20170309,citigroup
BYSI,20170309,rodman and renshaw
CATS,20170426,joseph gunnar
CIFS,20170808,network 1
CIFS,20170808,boustead
CLXT,20170720,credit suisse
CLXT,20170720,jefferies
CLXT,20170720,citigroup
CLXT,20170720,wells fargo
CMTA,20170802,morgan stanley
CMTA,20170802,leerink
CNACU,20170620,cowen
CODX,20170712,network 1
CODX,20170712,wallachbeth
CSSE,20170818,the benchmark
CSSE,20170818,hcfp/
CSSE,20170818,weild
DOVA,20170629,jefferies
DOVA,20170629,jp morgan
DOVA,20170629,leerink
ESQ,20170627,sandler o'neill
FSACU,20170719,bofa merrill lynch
FSACU,20170719,citigroup
GNTY,20170509,sandler o'neill
GNTY,20170509,stephens
GTHX,20170517,jp morgan
GTHX,20170517,cowen
IMRN,20170609,joseph gunner
IMRN,20170609,rodman and rendshaw
INDUU,20170727,fbr
INDUU,20170727,b riley
KAACU,20170330,credit suisse
KAACU,20170330,citigroup
KAACU,20170330,deutsche bank
KALA,20170720,bofa merrill lynch
KALA,20170720,jp morgan
KBLMU,20170602,ladenburg thalmann
MMDMU,20170512,macquarie
MPACU,20170310,cantor fitzgerald
MRSN,20170628,jp morgan
MRSN,20170628,cowen
MRSN,20170628,leerink
NCSM,20170428,credit suisse
NCSM,20170428,citigroup
NCSM,20170428,wells fargo
NEWA,20170728,viewtrade
OKTA,20170407,goldman sachs
OKTA,20170407,jp morgan
OKTA,20170407,allen
OSPRU,20170721,credit suisse
OVID,20170505,citigroup
OVID,20170505,cowen
PETQ,20170721,jefferies
PETQ,20170721,william blair
PSDO,20170310,citigroup
PSDO,20170310,jp morgan
RBB,20170726,sandler o'neill
RBB,20170726,keefe bruyette and woods
RBB,20170726,stephens
RDFN,20170728,goldman sachs
RDFN,20170728,allen
SGBX,20170622,joseph gunnar
SGH,20170524,barclays
SGH,20170524,deutsche bank
SNNA,20170727,jp morgan
SNNA,20170727,bmo
SNNA,20170727,cowen
SSTI,20170607,roth
SSTI,20170607,northland
TNTR,20170630,morgan stanley
TNTR,20170630,bofa merrill lynch
TNTR,20170630,pacific crest
TOCA,20170413,stifel nicolaus
TOCA,20170413,evercore
TOCA,20170413,leerink
TRPX,20170322,laidlaw
TRPX,20170322,rodman and renshaw
URGN,20170504,jefferies
URGN,20170504,cowen
VEACU,20170411,credit suisse
VEACU,20170411,goldman sachs
VEACU,20170411,citigroup
VERI,20170512,wunderlich
VERI,20170512,craig hallum
VRNA,20170427,jefferies
VRNA,20170427,stifel nicolaus
WRLSU,20170727,earlybird
ZEAL,20170809,goldman sachs
ZEAL,20170809,morgan stanley
AMGP,20170504,morgan stanley
AMGP,20170504,barclays
AMGP,20170504,jp morgan
APRN,20170629,goldman sachs
APRN,20170629,morgan stanley
APRN,20170629,barclays
APRN,20170629,citigroup
ATUS,20170622,goldman sachs
ATUS,20170622,morgan stanley
ATUS,20170622,citigroup
ATUS,20170622,jp morgan
AYX,20170324,goldman sachs
AYX,20170324,jp morgan
BEDU,20170518,morgan stanley
BEDU,20170518,deutsche bank
BHVN,20170504,piper jaffray
BHVN,20170504,morgan stanley
BHVN,20170504,barclays
BY,20170630,bofa merrill lynch
BY,20170630,keefe bruyette and woods
CADE,20170413,goldman sachs
CADE,20170413,jp morgan
CLDR,20170428,morgan stanley
CLDR,20170428,jp morgan
CLDR,20170428,allen
CVNA,20170428,bofa merrill lynch
CVNA,20170428,citigroup
CVNA,20170428,deutsche bank
CVNA,20170428,wells fargo
EEX,20170428,goldman sachs
EEX,20170428,bofa merrill lynch
EEX,20170428,barclays
ELVT,20170406,credit suisse
ELVT,20170406,jefferies
ELVT,20170406,stifel nicolaus
ELVT,20170406,ubs
FND,20170427,credit suisse
FND,20170427,bofa merrill lynch
FND,20170427,barclays
FND,20170427,ubs
FPH,20170510,citigroup
FPH,20170510,jp morgan
GDI,20170512,goldman sachs
GDI,20170512,citigroup
GDI,20170512,ubs
GDI,20170512,kkr
GPMT,20170623,morgan stanley
GPMT,20170623,bofa merrill lynch
GPMT,20170623,citigroup
GPMT,20170623,jp morgan
HESM,20170405,goldman sachs
HESM,20170405,morgan stanley
JILL,20170309,jefferies
JILL,20170309,morgan stanley
JILL,20170309,bofa merrill lynch
KREF,20170505,morgan stanley
KREF,20170505,wells fargo
KREF,20170505,kkr
MULE,20170317,goldman sachs
MULE,20170317,bofa merrill lynch
MULE,20170317,jp morgan
NETS,20170412,goldman sachs
NETS,20170412,jefferies
NETS,20170412,jp morgan
NETS,20170412,allen
NETS,20170412,banco bradesco bbi
PUMP,20170317,goldman sachs
PUMP,20170317,barclays
SAFE,20170622,bofa merrill lynch
SAFE,20170622,barclays
SAFE,20170622,jp morgan
SNDR,20170406,morgan stanley
SNDR,20170406,ubs
SOI,20170512,credit suisse
SOI,20170512,goldman sachs
VNTR,20170803,goldman sachs
VNTR,20170803,bofa merrill lynch
VNTR,20170803,citigroup
VNTR,20170803,jp morgan
WOW,20170525,credit suisse
WOW,20170525,ubs
WTTR,20170421,credit suisse
WTTR,20170421,wells fargo
WTTR,20170421,fbr
XRF,20170428,credit suisse
XRF,20170428,jefferies
XRF,20170428,morgan stanley
YEXT,20170413,morgan stanley
YEXT,20170413,rbc
YEXT,20170413,jp morgan
ZYME,20170428,barclays
ZYME,20170428,wells fargo
ZYME,20170428,citigroup global markets canada
PLYM,20170609,oppenheimer
PLYM,20170609,jmp
PLYM,20170609,sandler o'neill
PLYM,20170609,bbandt
PLYM,20170609,da davidson
SACH,20170210,joseph gunnar
IAMXU,20170817,maxim
YOGA,20170811,cowen
YOGA,20170811,stephens
YOGA,20170811,guggenheim
RNGR,20170811,credit suisse
RNGR,20170811,wells fargo
RNGR,20170811,scotia
RNGR,20170811,simmons and company international energy specialists of piper j
ZKIN,20170901,boustead
CELC,20170920,craig hallum
ZLAB,20170920,citigroup
ZLAB,20170920,jp morgan
ZLAB,20170920,leerink
TRLA,20120920,jp morgan
TRLA,20120920,deutsche bank
DOTAU,20170915,earlybird
KRYS,20170920,ladenburg thalmann
PETZ,20170921,viewtrade
SECO,20170922,jefferies
TRMT,20170914,rbc
TRMT,20170914,citigroup
TRMT,20170914,ubs
BSTI,20170920,credit suisse
BSTI,20170920,citigroup
BSTI,20170920,jp morgan
BSTI,20170920,deutsche bank
BSTI,20170920,goldman sachs (asia)
DESP,20170920,morgan stanley
DESP,20170920,citigroup
OMP,20170921,morgan stanley
OMP,20170921,citigroup
OMP,20170921,wells fargo
NITE,20170928,jefferies
NITE,20170928,bmo
NITE,20170928,leerink
RYB,20170927,credit suisse
RYB,20170927,morgan stanley
DCPH,20170928,piper jaffray
DCPH,20170928,jp morgan
NCNA,20170928,jefferies
NCNA,20170928,citigroup
NCNA,20170928,cowen
ROKU,20170928,morgan stanley
ROKU,20170928,citigroup
PQG,20170929,credit suisse
PQG,20170929,goldman sachs
PQG,20170929,morgan stanley
PQG,20170929,citigroup
BRACU,20171005,earlybird
RYTM,20171005,morgan stanley
RYTM,20171005,bofa merrill lynch
RYTM,20171005,cowen
SWCH,20171006,goldman sachs
SWCH,20171006,jp morgan
SWCH,20171006,bmo
SWCH,20171006,wells fargo
KIDS,20171012,piper jaffray
KIDS,20171012,stifel nicolaus
OPTN,20171013,jefferies
OPTN,20171013,piper jaffray
OPTN,20171013,rbc
OPTN,20171013,bmo
CARG,20171012,goldman sachs
CARG,20171012,rbc
CARG,20171012,allen
HAIR,20171012,national
RMBL,20171019,maxim
RMBL,20171019,roth
QD,20171018,credit suisse
QD,20171018,morgan stanley
QD,20171018,citigroup
QD,20171018,ubs
QD,20171018,china international
QD,20171018,china international capital corporation hong kong
LYL,20171020,network 1
LYL,20171020,boustead
MDB,20171019,goldman sachs
MDB,20171019,morgan stanley
MDB,20171019,barclays
MDB,20171019,allen
REDU,20171020,credit suisse
REDU,20171020,morgan stanley
ABLX,20171025,jefferies
ABLX,20171025,bofa merrill lynch
ABLX,20171025,jp morgan
FAT,20171023,tripoint global equities
CMSSU,20171026,earlybird
EYE,20171026,goldman sachs
EYE,20171026,bofa merrill lynch
EYE,20171026,citigroup
EYE,20171026,kkr
FSCT,20171027,morgan stanley
FSCT,20171027,citigroup
FSCT,20171027,jp morgan
HYACU,20171025,cantor fitzgerald
MBIN,20171027,sandler o'neill
MBIN,20171027,raymond james
MBIN,20171027,stephens
BPMP,20171026,goldman sachs
BPMP,20171026,morgan stanley
BPMP,20171026,citigroup
NEXA,20171027,credit suisse
NEXA,20171027,morgan stanley
NEXA,20171027,jp morgan
NEXA,20171027,bmo
ACMR,20171103,roth
ALNA,20171102,credit suisse
ALNA,20171102,jefferies
ALNA,20171102,cowen
FNKO,20171102,goldman sachs
FNKO,20171102,bofa merrill lynch
FNKO,20171102,jp morgan
HX,20171103,network 1
STNLU,20171103,credit suisse
STNLU,20171103,goldman sachs
STNLU,20171103,citigroup
AQ,20120427,oppenheimer
AQ,20120427,citigroup
AQUA,20171102,credit suisse
AQUA,20171102,rbc
AQUA,20171102,jp morgan
LOMA,20171101,morgan stanley
LOMA,20171101,bofa merrill lynch
LOMA,20171101,citigroup
LOMA,20171101,itau
LOMA,20171101,hsbc
LOMA,20171101,banco bradesco bbi
APLS,20171109,citigroup
APLS,20171109,jp morgan
APLS,20171109,evercore
CBTX,20171108,keefe bruyette and woods
CBTX,20171108,stephens
IFRX,20171108,jp morgan
IFRX,20171108,bmo
IFRX,20171108,leerink
FEDU,20171108,morgan stanley
FEDU,20171108,citigroup
FEDU,20171108,china renaissance securities (hong kong)
MCB,20171108,jp morgan
MCB,20171108,keefe bruyette and woods
SOGO,20171109,credit suisse
SOGO,20171109,jp morgan
SOGO,20171109,goldman sachs (asia)
SOGO,20171109,china international capital corporation hong kong
BAND,20171110,morgan stanley
BAND,20171110,keybanc
BAND,20171110,robert w baird
ERYP,20171110,jefferies
ERYP,20171110,cowen
ERYP,20171110,oddo bhf sca
PPDF,20171110,credit suisse
PPDF,20171110,citigroup
ARCT,20120301,ladenburg thalmann
BXG,20171117,credit suisse
BXG,20171117,stifel nicolaus
AMRH,20170918,northland
AMRH,20170918,ladenburg thalmann
ASNS,20171116,piper jaffray
ASNS,20171116,citigroup
ASNS,20171116,cowen
JT,20171116,morgan stanley
JT,20171116,jp morgan
JT,20171116,goldman sachs (asia)
SEND,20171115,morgan stanley
SEND,20171115,jp morgan
SFIX,20171117,goldman sachs
SFIX,20171117,jp morgan
BRPAU,20171120,earlybird
SBT,20171117,sandler o'neill
SCPH,20171117,jefferies
SCPH,20171117,bmo
SCPH,20171117,leerink
SAIL,20171117,jefferies
SAIL,20171117,morgan stanley
SAIL,20171117,rbc
SAIL,20171117,citigroup
LEVB,20171117,joseph gunnar
BOXL,20171130,axiom capital management
BOXL,20171130,aegis
BOXL,20171130,merriman
BOXL,20171130,joseph gunnar
CASA,20171215,morgan stanley
CASA,20171215,barclays
CUE,20180102,feltl
CUE,20180102,mdb
DNLI,20180102,goldman sachs
DNLI,20180102,morgan stanley
DNLI,20180102,jp morgan
DOGZ,20171220,spartan
ICLK,20171222,credit suisse
ICLK,20171222,roth
ICLK,20171222,network 1
ICLK,20171222,nomura securities international
ICLK,20171222,shenwan hongyuan securities (hk)
ILPT,20180112,rbc
ILPT,20180112,citigroup
ILPT,20180112,ubs
LBC,20171208,sandler o'neill
LBC,20171208,keefe bruyette and woods
LX,20171221,bofa merrill lynch
LX,20171221,deutsche bank
LX,20171221,china renaissance securities (hong kong)
LX,20171221,goldman sachs (asia)
NMRK,20171201,goldman sachs
NMRK,20171201,bofa merrill lynch
NMRK,20171201,citigroup
NMRK,20171201,cantor fitzgerald
ODT,20171207,goldman sachs
ODT,20171207,jefferies
QTRX,20171207,jp morgan
QTRX,20171207,cowen
QTRX,20171207,leerink
RETO,20171129,viewtrade
ADT,20180119,goldman sachs
ADT,20180119,morgan stanley
CURO,20171207,credit suisse
CURO,20171207,jefferies
CURO,20171207,stephens
LBRT,20180112,goldman sachs
LBRT,20180112,morgan stanley
LBRT,20180112,wells fargo
COLD,20180119,bofa merrill lynch
COLD,20180119,rbc
COLD,20180119,jp morgan
NINE,20180119,goldman sachs
NINE,20180119,jp morgan
NINE,20180119,wells fargo
TORC,20180126,bofa merrill lynch
TORC,20180126,evercore
TORC,20180126,leerink
ARMO,20180126,jefferies
ARMO,20180126,bmo
ARMO,20180126,leerink
EYEN,20180125,roth
EYEN,20180125,ladenburg thalmann
MNLO,20180125,jefferies
MNLO,20180125,piper jaffray
MNLO,20180125,guggenheim
SLDB,20180126,goldman sachs
SLDB,20180126,jp morgan
SLDB,20180126,leerink
AGS,20180126,credit suisse
AGS,20180126,deutsche bank
GTES,20180125,morgan stanley
GTES,20180125,citigroup
GTES,20180125,ubs
PAGS,20180124,goldman sachs
PAGS,20180124,morgan stanley
VICI,20180201,goldman sachs
VICI,20180201,morgan stanley
VICI,20180201,bofa merrill lynch
SLGL,20180201,jefferies
SLGL,20180201,bmo
SLGL,20180201,and#8203jefferies llc	and#8203
SLGL,20180201,bmo capital markets corp	and#8203	and#8203
SLGL,20180201,bmo capital markets corpand#8203	and#8203		and#8203	and#8203
CDLX,20180209,bofa merrill lynch
CDLX,20180209,jp morgan
EOLS,20180208,cantor fitzgerald
EOLS,20180208,mizuho
IPIC,20180201,roth
IPIC,20180201,tripoint global equities
OSS,20180201,roth
SSLJ,20180205,boustead
VCTR,20180208,morgan stanley
VCTR,20180208,bofa merrill lynch
VCTR,20180208,jp morgan
CAAP,20180201,oppenheimer
CEPU,20180202,bofa merrill lynch
CEPU,20180202,jp morgan
FTSI,20180202,credit suisse
FTSI,20180202,morgan stanley
HMI,20180208,credit suisse
HMI,20180208,citigroup
HMI,20180208,china renaissance securities (hong kong)
HMI,20180208,china renaissance
HUD,20180201,credit suisse
HUD,20180201,morgan stanley
HUD,20180201,ubs
QES,20180209,bofa merrill lynch
QES,20180209,simmons and company international energy specialists of piper j
WHD,20180208,credit suisse
WHD,20180208,citigroup
BFRA,20180214,the benchmark
MOTS,20180214,piper jaffray
MOTS,20180214,oppenheimer
FAMI,20180216,viewtrade
BTAI,20180308,barclays
BTAI,20180308,bmo
BTAI,20180308,ubs
AIHS,20180316,viewtrade
BWB,20180314,sandler o'neill
BWB,20180314,da davidson
ZS,20180316,goldman sachs
ZS,20180316,morgan stanley
RCUS,20180315,goldman sachs
RCUS,20180315,citigroup
RCUS,20180315,leerink
DNJR,20180320,viewtrade
DBX,20180323,goldman sachs
DBX,20180323,bofa merrill lynch
DBX,20180323,jp morgan
DBX,20180323,deutsche bank
DBX,20180323,allen
OPBK,20180328,keefe bruyette and woods
ONE,20100617,goldman sachs
STG,20180323,credit suisse
STG,20180323,jp morgan
STG,20180323,goldman sachs (asia)
BILI,20180328,morgan stanley
BILI,20180328,bofa merrill lynch
BILI,20180328,jp morgan
FIXX,20180328,bofa merrill lynch
FIXX,20180328,cowen
FIXX,20180328,evercore
GNPX,20180329,network 1
IQ,20180329,credit suisse
IQ,20180329,bofa merrill lynch
IQ,20180329,goldman sachs (asia)
UMRX,20180329,morgan stanley
UMRX,20180329,cowen
GHG,20180327,morgan stanley
GHG,20180327,bofa merrill lynch
GHG,20180327,ubs
ZUO,20180412,goldman sachs
ZUO,20180412,jefferies
ZUO,20180412,morgan stanley
ZUO,20180412,allen
EACQU,20150730,citigroup
TRTLU,20140717,deutsche bank
LEAF,20131016,credit suisse
LEAF,20131016,bofa merrill lynch
LEAF,20131016,barclays
LEAF,20131016,citigroup
LEAF,20131016,allen
EVER,20120503,goldman sachs
BV,20120224,credit suisse
BV,20120224,morgan stanley
BV,20120224,deutsche bank
AMBO,20100805,jp morgan
AMBO,20100805,goldman sachs (asia)
AHPAU,20161011,credit suisse
JSYNU,20160303,maxim
JSYNU,20160303,chardan
EAGLU,20150911,bofa merrill lynch
EAGLU,20150911,deutsche bank
PACQU,20110325,chardan
STND,20101007,stifel nicolaus weisel
FMCIU,20170407,earlybird
FMCIU,20170407,fbr
BNGOU,20180821,roth
TZACU,20180821,maxim
SFET,20180817,chardan
TKKSU,20180816,earlybird
ARDS,20180814,cantor fitzgerald
MESA,20180810,bofa merrill lynch
MESA,20180810,raymond james
VCNX,20180809,oppenheimer
VCNX,20180809,btig
PCB,20180809,keefe bruyette and woods
ARLO,20180803,bofa merrill lynch
ARLO,20180803,deutsche bank
ARLO,20180803,guggenheim
CWK,20180802,goldman sachs
CWK,20180802,morgan stanley
CWK,20180802,jp morgan
CWK,20180802,ubs
TOTAU,20180802,chardan
SONO,20180802,goldman sachs
SONO,20180802,morgan stanley
SONO,20180802,allen
ADIL,20180727,maxim
ADIL,20180727,aegis
ADIL,20180727,joseph gunnar
DAVA,20180727,credit suisse
DAVA,20180727,morgan stanley
DAVA,20180727,citigroup
DAVA,20180727,deutsche bank
OPRA,20180727,citigroup
OPRA,20180727,china international capital corporation hong kong
WISA,20180727,wallachbeth
WISA,20180727,alexander
WISA,20180727,rf lafferty
WISA,20180727,westpark
TENB,20180726,morgan stanley
TENB,20180726,jp morgan
TENB,20180726,deutsche bank
TENB,20180726,allen
PDD,20180726,credit suisse
PDD,20180726,goldman sachs (asia)
PDD,20180726,china international capital corporation hong kong
FOCS,20180726,goldman sachs
FOCS,20180726,bofa merrill lynch
FOCS,20180726,kkr
JG,20180726,credit suisse
JG,20180726,deutsche bank
JG,20180726,goldman sachs (asia)
LQDA,20180726,jefferies
LQDA,20180726,cowen
BRY,20180726,goldman sachs
BRY,20180726,bmo
BRY,20180726,wells fargo
CANG,20180726,morgan stanley
CANG,20180726,bofa merrill lynch
CANG,20180726,goldman sachs (asia)
AQST,20180725,rbc
AQST,20180725,bmo
BE,20180725,morgan stanley
BE,20180725,jp morgan
GLACU,20180725,chardan
PRVB,20180724,mdb
REPL,20180720,jp morgan
REPL,20180720,bmo
REPL,20180720,leerink
TLRY,20180719,cowen
MYFW,20180719,keefe bruyette and woods
MYFW,20180719,stephens
ESTA,20180719,jefferies
ESTA,20180719,cowen
CNST,20180719,jefferies
CNST,20180719,jp morgan
CNST,20180719,bmo
ALLK,20180719,goldman sachs
ALLK,20180719,jefferies
CCB,20180718,keefe bruyette and woods
CCB,20180718,hovde
CRNX,20180718,piper jaffray
CRNX,20180718,jp morgan
CRNX,20180718,leerink
RUBY,20180718,jefferies
RUBY,20180718,morgan stanley
RUBY,20180718,jp morgan
RUBY,20180718,leerink
ALGRU,20180703,cantor fitzgerald
DOMO,20180629,credit suisse
DOMO,20180629,morgan stanley
DOMO,20180629,ubs
DOMO,20180629,allen
BJ,20180628,goldman sachs
BJ,20180628,bofa merrill lynch
BJ,20180628,jp morgan
BJ,20180628,deutsche bank
ENTX,20180628,oppenheimer
ENTX,20180628,maxim
HCCHU,20180628,earlybird
FTSV,20180628,credit suisse
FTSV,20180628,morgan stanley
STIM,20180628,piper jaffray
STIM,20180628,william blair
TBIO,20180628,citigroup
TBIO,20180628,evercore
TBIO,20180628,leerink
TCDA,20180628,goldman sachs
TCDA,20180628,jp morgan
TCDA,20180628,cowen
UXIN,20180627,morgan stanley
UXIN,20180627,jp morgan
UXIN,20180627,china renaissance securities (hong kong)
UXIN,20180627,goldman sachs (asia)
UXIN,20180627,china international capital corporation hong kong
NTGN,20180627,morgan stanley
NTGN,20180627,bofa merrill lynch
NTGN,20180627,mizuho
LOVE,20180627,roth
HYRE,20180627,network 1
ECOR,20180622,piper jaffray
ECOR,20180622,cantor fitzgerald
ECOR,20180622,jmp
ECOR,20180622,evercore
AUTL,20180622,goldman sachs
AUTL,20180622,jefferies
APTX,20180621,jp morgan
APTX,20180621,bmo
APTX,20180621,cowen
APTX,20180621,leerink
IIIV,20180621,keybanc
IIIV,20180621,raymond james
IIIV,20180621,cowen
KZR,20180621,jefferies
KZR,20180621,william blair
KZR,20180621,wells fargo
KZR,20180621,cowen
EPRT,20180621,goldman sachs
EPRT,20180621,barclays
EPRT,20180621,citigroup
MGTA,20180621,goldman sachs
MGTA,20180621,jp morgan
MGTA,20180621,cowen
AVRO,20180621,morgan stanley
AVRO,20180621,wells fargo
AVRO,20180621,cowen
XERS,20180621,jefferies
XERS,20180621,rbc
XERS,20180621,leerink
TWLVU,20180620,earlybird
LFACU,20180620,raymond james
LFACU,20180620,b riley fbr
EIDX,20180620,bofa merrill lynch
EIDX,20180620,jp morgan
TBRGU,20180619,cantor fitzgerald
TBRGU,20180619,clsa
VRCA,20180615,jefferies
VRCA,20180615,bofa merrill lynch
VRCA,20180615,cowen
NEW,20180615,barclays
NEW,20180615,citigroup
NEW,20180615,deutsche bank
NEW,20180615,china international capital corporation hong kong
NEW,20180615,haitong international
AVLR,20180615,goldman sachs
AVLR,20180615,bofa merrill lynch
AVLR,20180615,jp morgan
CHRA,20180614,morgan stanley
CHRA,20180614,bofa merrill lynch
USX,20180614,morgan stanley
USX,20180614,bofa merrill lynch
MGTX,20180608,bofa merrill lynch
MGTX,20180608,barclays
MGTX,20180608,evercore
HJLI,20180531,network 1
HJLI,20180531,wallachbeth
HJLI,20180531,westpark
TDACU,20180530,chardan
ITRM,20180525,rbc
ITRM,20180525,leerink
KNSA,20180524,goldman sachs
KNSA,20180524,jp morgan
SRRK,20180524,jefferies
SRRK,20180524,bmo
SRRK,20180524,cowen
GSKY,20180524,goldman sachs
GSKY,20180524,morgan stanley
GSKY,20180524,jp morgan
CLPS,20180524,cuttone
CLPS,20180524,the benchmark
EVOP,20180523,suntrust robinson humphrey
EVOP,20180523,bofa merrill lynch
EVOP,20180523,citigroup
EVOP,20180523,jp morgan
EVOP,20180523,deutsche bank
PS,20180517,morgan stanley
PS,20180517,bofa merrill lynch
PS,20180517,barclays
PS,20180517,jp morgan
VTIQU,20180516,cowen
VTIQU,20180516,chardan
TMCXU,20180515,b riley fbr
HUYA,20180511,credit suisse
HUYA,20180511,ubs
HUYA,20180511,goldman sachs (asia)
EQH,20180510,morgan stanley
EQH,20180510,barclays
EQH,20180510,citigroup
EQH,20180510,jp morgan
EVLO,20180509,morgan stanley
EVLO,20180509,bmo
EVLO,20180509,cowen
OBNK,20180509,raymond james
OBNK,20180509,stephens
ROAD,20180504,raymond james
ROAD,20180504,robert w baird
ROAD,20180504,stephens
STXB,20180504,keefe bruyette and woods
STXB,20180504,stephens
ASLN,20180504,piper jaffray
ASLN,20180504,leerink
BCML,20180504,da davidson
BCML,20180504,fig
CBLK,20180504,morgan stanley
CBLK,20180504,jp morgan
INSP,20180503,goldman sachs
INSP,20180503,bofa merrill lynch
UBX,20180503,goldman sachs
UBX,20180503,morgan stanley
UBX,20180503,citigroup
XSPL,20180503,alexander
PRT,20180502,goldman sachs
PRT,20180502,ubs
PRT,20180502,wells fargo
DOCU,20180427,morgan stanley
DOCU,20180427,jp morgan
GSHD,20180427,bofa merrill lynch
GSHD,20180427,jp morgan
SMAR,20180427,jefferies
SMAR,20180427,morgan stanley
SMAR,20180427,rbc
SMAR,20180427,jp morgan
LASR,20180426,stifel nicolaus
LASR,20180426,raymond james
CDAY,20180426,goldman sachs
CDAY,20180426,jp morgan
LEVL,20180420,keefe bruyette and woods
LEVL,20180420,raymond james
PVTL,20180420,goldman sachs
PVTL,20180420,morgan stanley
PVTL,20180420,citigroup
SURF,20180419,goldman sachs
SURF,20180419,cowen
SURF,20180419,evercore
MOR,20180419,goldman sachs
MOR,20180419,jp morgan
MOR,20180419,leerink
EAF,20180419,credit suisse
EAF,20180419,jp morgan
AGMH,20180418,network 1
TIBRU,20180316,cantor fitzgerald
TIBRU,20180316,dowling
OPESU,20180314,earlybird
DFBHU,20180216,goldman sachs
DFBHU,20180216,deutsche bank
MUDSU,20180208,cantor fitzgerald
MTECU,20180130,earlybird
GPAQU,20180125,b riley fbr
NEBUU,20180110,goldman sachs
NEBUU,20180110,deutsche bank
LACQU,20171201,morgan stanley
